Symbol,Name
A,Armor Minerals Inc
AAG,Aftermath Silver Ltd
AALI,Advance Lithium Corp
AAN,Aton Resources Inc
AAT,Ati Airtest Technologies Inc
AAU,Angold Resources Ltd
AAZ,Azincourt Energy Corp
ABI,Abcourt Mines Inc
ABN,Aben Resources Ltd
ABR,Arbor Metals Corp
ABRA,Abrasilver Resource Corp
ABZ,Asiabasemetals Inc
ACCB.P,Aardvark 2 Capital Corp
ACI.H,Amilot Capital Inc
ACOG,Alpha Cognition Inc
ACOP,Atacama Copper Corporation
ACP,Arcpacific Resources Corp
ACR.H,Auscan Resources Inc
ACS,Archon Minerals Ltd
ACST,Acasti Pharma Inc
ACU,Aurora Solar Technologies Inc
ADD,Arctic Star Exploration Corp
ADE,Adex Mining Inc
ADG,Arcus Development Group Inc
ADJ.P,Ad4 Capital Corp
ADK,Diagnos Inc
ADY,Adyton Resources Corp
ADYA,Adya Inc
ADZ,Adamera Minerals Corp
ADZN,Adventus Mining Corp
AE,American Eagle Gold Corp
AEC,Anfield Energy Inc
AEP,Atlas Engineered Products Ltd
AF.P,Af2 Capital Corp
AFCC.H,Automotive Finco Corp
AFE,Africa Energy Corp
AFF,Affinity Metals Corp
AFM,Alphamin Resources Corp
AFR,African Metals Corp
AGD,Antioquia Gold Inc
AGH.H,Canadian Silver Hunter Inc
AGL,Aguila Copper Corp
AGLD,Austral Gold Ltd
AGMR,Silver Mountain Resources Inc
AGMR.WT,Silver Mountain Resources Inc Wts
AGO,Big Tree Carbon Inc
AGX,Silver X Mining Corp
AHR,Amarc Resources Ltd
AIMF.P,Aim6 Ventures Inc
AIP.U,Aip Realty Trust USD
AIR,Clean Air Metals Inc
AIS,Ais Resources Ltd
AKH.H,Alaska Hydro Corp
AKMY,K B Recycling Industries Ltd
AKMY.WT,K B Recycling Industries Ltd WT
AKR,Ackroo Inc
AL,Alx Resources Corp
ALDE,Aldebaran Resources Inc
ALEX,Alpha Exploration Ltd
ALLI,Alpha Lithium Corp
ALLI.WT,Alpha Lithium Corp WT
ALM,Alliance Mining Corp
ALPS.U,Alpine Summit Energy Partners Inc USD
ALTA,Altamira Gold Corp
ALV,Alvopetro Energy Ltd
ALY,Analytixinsight Inc
AM,Academy Metals Inc
AMC,Arizona Metals Corp
AME,Abacus Mining and Exploration
AMG.P,Amg Acquisition Corp
AMI,Athabasca Minerals Inc
AMK,American Creek Resources Ltd
AML,Akwaaba Mining Ltd
AMMO,Bullet Exploration Inc
AMO,Altan Rio Minerals Ltd
AMRQ,Amaroq Minerals Ltd
AMX,AMEX Exploration Inc
AMY,American Manganese Inc
AMZ,Azucar Minerals Ltd
AN,Arena Minerals Inc
ANE,Altan Nevada Minerals Ltd
ANK,Angkor Resources Corp
ANTL,Antler Gold Inc
ANZ,Alianza Minerals Ltd
AORO,Aloro Mining Corp
APC,Advanced Proteome Therapeutics Corp
APGO,Apollo Silver Corp
APL,Appulse Corp
APM,00Neandean Precious Metals Corp
APMI,Apogee Minerals Ltd
APN,Altiplano Minerals Ltd
APX,Apex Resources Inc
AQS,Aequus Pharmaceuticals Inc
ARCH,Arch Biopartners Inc
ARD,Armada Data Corp
ARH,Altima Resources Ltd
ARIC,Awale Resources Ltd
ARJN,Aranjin Resources Ltd
ARK,Arras Minerals Corp
ARL.P,Aurum Lake Mining Corp
AROW.P,Four Arrows Capital Corp
ART,Arht Media Inc
ART.WT,Arht Media Inc WT
ARTG,Artemis Gold Inc
ARU,Aurania Resources Ltd
ARU.WT.B,Aurania Resources Ltd
ASG,Aurora Spine Corp
ASL,Argentum Silver Corp
AST,Astron Connect Inc
ASTR,Astra Exploration Inc
ATC,Atac Resources Ltd
ATI,Altai Resources Inc
ATLY,Altaley Mining Corp
ATOM,Atomic Minerals Corp
ATR.P,Aster Acquisition Corp
ATW,Atw Tech Inc
ATX,Atex Resources Inc
ATY,Atico Mining Corp
AU,Aurion Resources Ltd
AUAU,Allegiant Gold Ltd
AUC,Goldplay Mining Inc
AUEN,Golden Sky Minerals Corp
AUGC,Au Gold Corp
AUL,Aurelius Minerals Inc
AUMB,1911 Gold Corp
AUN,Aurcana Silver Corp
AUQ,Auq Gold Mining Inc
AUR.H,Aurora Royalties Inc
AUTO,Carbeeza Inc
AUU,Gold79 Mines Ltd
AVCR,Avricore Health Inc
AVG,Avidian Gold Corp
AVN,Avanti Helium Corp
AVU,Avrupa Minerals Ltd
AVX,Altair Resources Inc
AWE,Thunderstruck Resources Ltd
AWI,Advent Awi Holdings Inc
AWM,Angel Wing Metals Inc
AWX,Arcwest Exploration Inc
AXE,Acceleware Ltd
AXL,Arrow Exploration Corp
AXM,Axmin Inc
AZ,A2Z Smart Technologies Corp
AZC.P,A2Zcryptocap Inc
AZM,Azimut Exploration Inc
AZR,Azarga Metals Corp
AZS,Arizona Silver Exploration Inc
AZT,Aztec Minerals Corp
B,Bcm Resources Corp
BAG,Blende Silver Corp
BAL.H,Balto Resources Ltd
BARU,Baru Gold Corp
BASQ.P,Bastion Square Partners Inc
BAT,Batero Gold Corp
BAU,Blue Star Gold Corp
BAY,Aston Bay Holdings Ltd
BBB,Brixton Metals Corp
BCC.P,Benz Capital Corp
BCF,Builders Capital Mortgage Corp
BCM,Bear Creek Mining Corp
BCU,Bell Copper Corp
BDGC,Boundary Gold and Copper Mining Ltd
BEA,Belmont Resources Inc
BECN,Beacn Wizardry and Magic Inc
BEN.H,Butte Energy Inc
BES,Braille Energy Systems Inc
BEW,Bewhere Holdings Inc
BEX,Benton Resources Inc
BGA,Bioneutra Global Corp
BGD,Bullion Gold Resources Corp
BGF,Beauce Gold Fields Inc
BGS,Baroyeca Gold and Silver Inc
BHS,Bayhorse Silver Inc
BHT,Braveheart Resources Inc
BIG,Hercules Silver Corp
BIGT,Big Tree Carbon Inc
BILD,Builddirect.com Technologies Inc
BITK,Blockchaink2 Corp
BKM,Pacific Booker Minerals Inc
BKMT,Blockmint Technologies Inc
BLM,Blumetric Environmental Inc
BLOK,Globalblock Digital Asset Trading Ltd
BLTC.P,Baltic I Acquisition Corp
BLUE,Blue Thunder Mining Inc
BM.H,Bc Moly Ltd
BME,Barsele Minerals Corp
BMET,Bemetals Corp
BMEX,Bmex Gold Inc
BMG,Black Mountain Gold USA Corp
BMK,Macdonald Mines Expl Ltd
BMM,Black Mammoth Metals Corp
BMR,Battery Mineral Resources Corp
BMV,Bathurst Metals Corp
BNCH,Benchmark Metals Inc
BNXA,Banxa Holdings Inc
BNZ,Bonanza Mining Corp
BOAT,The Limestone Boat Company Ltd
BOL,Bold Ventures Inc
BP,Backstageplay Inc
BQE,Bqe Water Inc
BRAU,Big Ridge Gold Corp
BRC,Blackrock Silver Corp
BRG,Brigadier Gold Ltd
BRM,Biorem Inc
BRN.PR.A,Brookfield Investments Corp Pref A
BRO,Barksdale Resources Corp
BRTA.H,Beretta Ventures Ltd
BRVO,Bravo Mining Corp
BRW,Brunswick Exploration Inc
BRZ,Bearing Lithium Corp
BSK,Blue Sky Uranium Corp
BSR,Bluestone Resources Inc
BST.H,Bessor Minerals Inc
BTCW,Bitcoin Well Inc
BTI,Bioasis Technologies Inc
BTR,Bonterra Resources Inc
BTT,Bitterroot Resources Ltd
BTU,Btu Metals Corp
BTV,Bluerush Inc
BUD,Satori Resources Inc
BUF,Buffalo Coal Corp
BURG,Burin Gold Corp
BVA,Bravada Gold Corp
BWCG,Blackwolf Copper and Gold Ltd
BWLK,Boardwalktech Software Corp
BWR,Bwr Exploration Inc
BXR,Blue River Resources Ltd
BYM.H,Baymount Incorporated
BYN,Banyan Gold Corp
BZ,Benz Mining Corp
C,Contact Gold Inc
CAC.P,Cinaport Acquisition Corp III
CAD,Colonial Coal International Corp
CAF,Canaf Investments Inc
CAG,Composite Alliance Group Inc
CAI,Capitan Investment Ltd
CANB,Canadabis Capital Inc
CAND,Candelaria Mining Corp
CANS,Wildpack Beverage Inc
CANS.DB,Wildpack Beverage Inc 8 Pct Debs
CANS.WT.A,Wildpack Beverage Inc.
CANX,Canex Metals Inc
CAPT,Capitan Mining Inc
CASA,Casa Minerals Inc
CBA,Champion Bear Res Ltd
CBG,Chibougamau Independent Mines Inc
CBI,Colibri Resource Corp
CBIT,Cathedra Bitcoin Inc
CBLT,Cblt Inc
CBLU,Clear Blue Technologies Intl Inc
CBR,Cabr AL Gold Inc
CBV,Cobra Venture Corp
CCB,Canada Carbon Inc
CCCM,C3 Metals Inc
CCD,Cascadero Copper Corp
CCE,Commerce Resources Corp
CCW,Canada Silver Cobalt Works Inc
CD,Cantex Mine Development Corp
CDA,Canuc Resources Corp
CDB,Cordoba Minerals Corp
CDX,Cloud Dx Inc
CE.H,Canada Energy Partners Inc
CEBI,Ce Brands Inc
CEC,Canasia Energy Corp
CEI,Coelacanth Energy Inc.
CEM,Constantine Metal Resources Ltd
CEN.H,Claren Energy Corp
CEP,Cliffside Capital Ltd
CERT,Cerrado Gold Inc
CFY,Cf Energy Corp
CGD,Carlin Gold Corp
CGP,Cornerstone Capital Resources Inc
CH,Charbone Hydrogen Corporation
CHIP.H,Health Logic Interactive Inc
CHS,Comprehensive Healthcare Systems Inc
CHY,Cypress Hills Resource Corp
CIII.P,Cuspis Capital III Ltd
CIO,Central Iron Ore Ltd
CKG,Chesapeake Gold Corp
CLIP,Clip Money Inc
CLUS,Colossus Resources Corp
CLV,Canoe Mining Ventures Corp
CLZ,Canasil Resources Inc
CMB,Cmc Metals Ltd
CMC,Cielo Waste Solutions Corp
CMC.WT,Cielo Waste Solutions Corp Wts
CMD,Commander Resources Ltd
CMI,C-Com Satellite Systems Inc
CMIL,Capella Minerals Ltd
CML,Canickel Mining Ltd
CMU,Comet Industries Ltd
CN,Condor Resources Inc
CNC,Canada Nickel Company Inc
CNL,Collective Mining Ltd
CNO,California Nanotechnologies Corp
CNRI,Canadian North Resources Inc
CNS,Contagious Gaming Inc
CNX,Callinex Mines Inc
COCO,Coast Copper Corp.
COHO,Coho Collective Kitchens Inc
COLL.P,Collingwood Resources Corp
COO,Naturebank Asset Management Inc
COR,Camino Minerals Corp
CORE,Paycore Minerals Inc
COV,Covalon Technologies Ltd
CPAU,Copaur Minerals Inc
CPER,Coppercorp Resources Inc
CPL,Copper Lake Resources Ltd
CPR,Allied Copper Corp
CPS,Canadian Premium Sand Inc
CQR,Conquest Resources Ltd
CRAN.P,Cranstown Capital Corp
CRB,Cariboo Rose Resources Ltd
CRBK,Carebook Technolgies Inc
CRD,Copper Road Resources Inc
CRE,Critical Elements Lithium Corp
CRI,Churchill Resources Inc
CRSS.P,Crossover Acquisitions Inc
CRTS,Cortus Metals Inc
CSG.H,Cosigo Resources Ltd
CSL,Comstock Metals Ltd
CSO,Corsa Coal Corp
CSOC.A,Canso Select Opportunities Corp Class A
CSOC.B,Canso Select Opportunities Corp Class B
CSPN,Carespan Health Inc
CSTR,Cryptostar Corp
CSX,Clean Seed Capital Group Ltd
CT.P,Carbontech Capital Corp
CTA,Centaurus Energy Inc
CTEK,Cleantek Industries Inc
CTH,Cotec Holdings Corp
CTM,Canterra Minerals Corp
CTO,Circa Enterprises Inc
CTRL,Edge Total Intelligence Inc
CTZ,Namsys Inc
CUCO,African Energy Metals Inc
CUI,Currie Rose Resources Inc
CUR,Consolidated Uranium Inc
CUSN,Cornish Metals Inc
CUU,Copper Fox Metals Inc
CVB,Compass Gold Corp
CVI.P,Compass Venture Inc
CVV,Canalaska Uranium Ltd
CVW,Cvw Cleantech Inc
CVX,Cematrix Corp
CWC,Cwc Energy Services Corp
CWV,Crown Point Energy Inc
CYF,Canyon Creek Food CO Ltd
CYL,Ceylon Graphite Corp
CYM,Cymat Technologies Ltd
CYP,Cypress Development Corp
CZO,Ceapro Inc
CZZ,Cleghorn Minerals Ltd
DAC,Datable Technology Corp
DAN,Arianne Phosphate Inc
DAQ.P,Dominus Acquisition Corp
DAR,Darelle Online Solutions Inc
DAU,Desert Gold Ventures Inc
DB,Decibel Cannabis Company Inc
DB.WT.A,Decibel Cannabis CO Inc Wts A
DBG,Doubleview Gold Corp
DCMC,Dore Copper Mining Corp
DCOP,District Copper Corp
DCY,Discovery-Corp Enterprises Inc
DE,Decisive Dividend Corp
DEAL,Playgon Games Inc
DEC,Decade Resources Ltd
DEF,Defiance Silver Corp
DEFN,Defense Metals Corp
DELX,Delphx Capital Markets Inc
DEX,Almadex Minerals Ltd
DFR,Diamond Fields Resources Inc
DG,Dixie Gold Inc
DGHI,Digihost Technology Inc
DGL.P,Dgl Investments No 1 Inc
DGO,Durango Resources Inc
DGTL,Dgtl Holdings Inc
DHB,Delivra Health Brands Inc
DHR,Discovery Harbour Resources Corp
DIA,Margaret Lake Diamonds Inc
DIG.H,District Mines Ltd
DKL,Decklar Resources Inc
DLP,Dlp Resources Inc
DLTA,Delta Resources Ltd
DM,Datametrex Ai Ltd
DME,Desert Mountain Energy Corp
DMGI,Dmg Blockchain Solutions Inc
DMI,Diamcor Mining Inc
DMR,Damara Gold Corp
DMT,Small Pharma Inc
DMX,District Metals Corp
DOC,Cloudmd Software & Services Inc
DOS,Dios Exploration Inc
DSLV,Denarius Silver Corp
DSLV.WT,Denarius Silver Corp WT
DSM,Deep South Resources Inc
DSV,Discovery Silver Corp
DSY,Destiny Media Technologies Inc
DTG,Dynamic Technologies Group Inc
DV,Dolly Varden Silver Corp
DVG,Divergent Energy Services Corp
DVX.P,Drummond Ventures Corp
DWS,Diamond Estates Wines and Spirits Inc
DXI.H,Dxi Energy Inc
DYG,Dynasty Gold Corp
EAC,Earth Alive Clean Technologies Inc
EAM,East Africa Metals Inc
EAST,Eastwest Bioscience Inc
EAU,Engineer Gold Mines Ltd
EBM,Eastwood Bio Medical Canada Inc
ECAP.P,Endurance Capital Corp
ECCF.P,Ecc Ventures 4 Corp
ECCS.P,Ecc Ventures 6 Corp
ECM,Ecolomondo Corp
ECOM,Emerge Commerce Ltd
ECR,Cartier Resources Inc
ECU,Element 29 Resources Inc
EDDY,Edison Battery Metals Corp
EDG,Endurance Gold Corp
EDM,Edm Resources Inc
EDW.H,Edgewater Exploration Ltd
EDY,Eddy Smart Home Solutions Ltd
EFF,1844 Resources Inc
EFV,Ef Energyfunders Ventures Inc
EGA,Eagle Graphite Incorporated
EGM,Engold Mines Ltd
EGT,Eguana Technologies Inc
EKG,Cardiocomm Solutions Inc
ELBM,Electra Battery Metals Corp
ELC,Elysee Development Corp
ELE,Elemental Royalties Corp
ELEC,Electric Royalties Ltd
ELM,Element Lifestyle Retirement Inc
ELN,El Nino Ventures Inc
ELO,Eloro Resources Ltd
ELVT,Elevation Gold Mining Corp.
EMM,Giyani Metals Corp
EMM.WT,Giyani Metals Corp Wts
EMN,Euro Manganese Inc
EMNT,Eminent Gold Corp
EMO,Emerita Resources Corp
EMPR,Empress Royalty Corp
EMPR.WT,Empress Royalty Corp WT
EMR,Emergent Metals Corp
EMX,Emx Royalty Corp
ENA,Enablence Technologies Inc
ENDR,Enduro Metals Corp
ENEV,Enerev5 Metals Inc
ENRG,New Energy Metals Corp
ENTG,Entourage Health Corp
ENTG.WT.A,Entourage Health Corp
ENW,Enwave Corp
ENW.WT,Enwave Corp WT
EOG,Eco Atlantic Oil and Gas Ltd
EP,Empire Metals Corp
EPF,Everyday People Financial Corp
EPL,Eagle Plains Resources Ltd
EPO.H,Encanto Potash Corp
EQ,Eq Inc
EQTY,Equity Metals Corp
ERA,Elcora Advanced Materials Corp
ERC,Eros Resources Corp
ESE,Ese Entertainment Inc
ESGW,ESG Global Impact Capital Inc
ESK,Eskay Mining Corp
ESPN,Merida Minerals Inc
ESTW,Eastower Wireless Inc
ESX,Essex Minerals Inc
ETF,Eastfield Resources Ltd
ETL,E3 Lithium Ltd
ETU,E2Gold Inc
EU,Encore Energy Corp
EV,Erin Ventures Inc
EVER,Evergold Corp
EVGN,Evergen Infrastructure Corp
EVNI,Ev Nickel Inc
EVX,European Electric Metals Inc
EW,East West Petroleum Corp
EWK,Earthworks Industries Inc
EWS,Environmental Waste International Inc
EXG,Exgen Resources Inc
FA,Fountain Asset Corp
FAIR,Fairchild Gold Corp
FARM,Deveron Corp
FARM.WT,Deveron Corp Wts
FBF,Fab-Form Industries Ltd
FCA.DB,Firm Cap Amer Rty Prn Corp 6.75 Pct Debs
FCA.U,Firm Capital Apartment Real Estate
FCA.UN,Firm Capital Apartment Real Estate
FCO,Fabled Silver Gold Corp
FD,Facedrive Inc
FDI,Findev Inc
FDR,Founders Metals Inc
FEO,Oceanic Iron Ore Corp
FEX,Fjordland Exploration Inc
FFOX,Firefox Gold Corp
FG,Falcon Gold Corp
FGC,Frontline Gold Corp
FHYD,First Hydrogen Corp
FI.H,First Idaho Resources Inc
FIND,Baselode Energy Corp
FISH,Sailfish Royalty Corp
FKM,Fokus Mining Corp
FL,Frontier Lithium Inc
FLT,Drone Delivery Canada Corp
FLT.WT.B,Drone Delivery Canada Corp WT B
FLWR,The Flowr Corp
FLY,Flyht Aerospace Solutions Ltd
FLYN,Flying Nickel Mining Corp
FMAN,Freeman Gold Corp
FMC,Forum Energy Metals Corp
FMM,Full Metal Minerals Ltd
FMN,Fidelity Minerals Corp
FMS,Focus Graphite Inc
FNC,Fancamp Exploration Ltd
FNR,49 North Resources Inc
FO,Falcon Oil & Gas Ltd
FOBI,Fobi Ai Inc
FOM,Foran Mining Corp
FOR,Fortune Bay Corp
FOXG,Royal Fox Gold Inc
FP,Fp Newspapers Inc
FPC,Falco Resources Ltd
FPX,Fpx Nickel Corp
FRDY,Fridays Dog Holdings Inc
FRE,Fremont Gold Ltd
FRED,Fredonia Mining Inc
FREQ,Frequency Exchange Corp
FRI,Freeport Resources Inc
FRNT,Frnt Financial Inc
FRS.P,Farstarcap Investment Corp
FRXI,Frx Innovations Inc
FSX,Fosterville South Exploration Ltd
FTEC,Fintech Select Ltd
FTHW,Field Trip Health & Wellness Ltd.
FTI,Fti Foodtech International Inc
FTJ,Fort ST James Nickel Corp
FUN.P,Fountainhall Capital Corp
FUND,Katipult Technology Corp
FUSE,Fuse Cobalt Inc
FUU,Fission 3.0 Corp
FV.H,Firestone Ventures Inc
FW,Flow Capital Corp
FWTC,Forward Water Technologies Corp
FWZ,Fireweed Metals Corp
FYL,Finlay Minerals Ltd
GA,General Assembly Holdings Ltd
GAL,Galantas Gold Corp
GAME,Engine Gaming and Media Inc
GAR.H,Green Arrow Resources Inc
GASX,Ng Energy Intl Corp
GASX.DB,Ng Energy International Corp 8 Pct Debs
GBLT,Gblt Corp
GBML,Global Battery Metals Ltd
GBRC,Gold Bull Resources Corp
GBRR,Great Bear Royalties Corp
GBU,Gabriel Res J
GCC,Golden Cariboo Resources Ltd
GCN,Goldcliff Resource Corp
GCX,Granite Creek Copper Ltd
GDM,Goldstar Minerals Inc
GDNP,Good Natured Products Inc
GDNP.DB,Good Natured Products Inc 7 Pct Debs
GDP,Golden Pursuit Resources Ltd
GDX,Goldex Resources Corp
GEL,Graphano Energy Ltd
GEM,Green Battery Minerals Inc
GEMC,Global Energy Metals Corp
GENI,Genius Metals Inc
GENX,Genix Pharmaceuticals Corp
GER,Glen Eagle Resources Inc
GETT,G.E.T.T. Gold Inc
GFG,Gfg Resources Inc
GG,Galane Gold Ltd
GGAU,Gambier Gold Corp
GGG,G6 Materials Corp
GGI,Garibaldi Resources Corp
GGL,Ggl Resources Corp
GGM,Granada Gold Mine Inc
GGO,Galleon Gold Corp
GGX,Ggx Gold Corp
GHL,Goldhills Holding Ltd
GHR,Golden Harp Resources Inc
GIG,Xau Resources Inc
GIGA,Giga Metals Corp
GIGA.WT,Giga Metals Corp WT
GIGA.WT.A,Giga Metals Corporation
GIII,Regen III Corp
GIP,Green Impact Partners Inc
GIT,Gitennes Exploration Inc
GKO,Geekco Technologies Corp
GLAD,Gladiator Metals Corp
GLB,Goldbank Mining Corp
GLD,Goldon Resources Ltd
GLDC,Cassiar Gold Corp
GLDL,Gold Line Resources Ltd
GLDN,Golden Ridge Resources Ltd
GLI,Glacier Lake Resources Inc
GLW,Galway Gold Inc
GMA,Geomega Resources Inc
GMG,Graphene Manufacturing Group Ltd
GMG.WT,Graphene Manufacturing Group Ltd Wts
GMIN,G Mining Ventures Corp
GMN,Gobimin Inc
GMV,Gmv Minerals Inc
GNG,Golden Goliath Resources Ltd
GNT,Gentor Resources Inc
GOE,Goldeneye Resources Corp
GOFL,Goldflare Exploration Inc
GOG,Golden Tag Resources Ltd
GOK,Ginsms Inc
GOM,Golden Dawn Minerals Inc
GOOD,Good Gamer Entertainment Inc
GOP.H,Gourmet Ocean Products Inc
GOST,Gold State Resources Inc
GOT,Goliath Resources Ltd
GPG,Grande Portage Resources Ltd
GPH,Graphite One Inc
GPM,Gpm Metals Inc
GPV,Greenpower Motor Company Inc
GQ,Great Quest Fertilizer Ltd
GQC,Goldquest Mining Corp
GR,Great Atlantic Resources Corp
GRAT,Gratomic Inc
GRB,Greenbriar Capital Corp
GRD,Grounded Lithium Corp
GRDM,Grid Metals Corp
GRF,Green Rise Foods Inc
GRG,Golden Arrow Res Corp
GRI,Galore Resources Inc
GROW,Co2 Gro Inc
GRSL,Gr Silver Mining Ltd
GRVA.P,Grosvenor Cpc I Inc
GRZ,Gold Reserve Inc
GSD,Devonian Health Group Inc
GSH,Golden Share Resources Corp
GSHR,Goldshore Resources Inc
GSI,Gatekeeper Systems Inc
GSP,Gensource Potash Corp
GSPR,Gsp Resource Corp
GSS,Gossan Resources Ltd
GSVR,Guanajuato Silver CO Ltd
GTC,Getty Copper Inc
GTWO,G2 Goldfields Inc
GUF,Gulf & Pacific Equities Corp
GUG,Gungnir Resources Inc
GUN,Gunpoint Exploration Ltd
GUS,Angus Gold Inc
GVR,Grosvenor Resources Corp
GWA,Gowest Gold Ltd
GWM,Galway Metals Inc
GX,Guardian Exploration Inc
GXS,Goldsource Mines Inc
GXU,Goviex Uranium Inc
GXX,Gold Basin Resources Corp
GYM,Tut Fitness Group Inc
GZD,Grizzly Discoveries Inc
HAM,Highwood Asset Management Ltd
HAN,Hannan Metals Ltd
HANK,Nobelium Tech Corp
HANS,Hanstone Gold Corp
HAPB,Hapbee Technologies Inc
HAR,Harfang Exploration Inc
HAWK,Hawkeye Gold and Diamond Inc
HBK,Highbank Resources Ltd.
HCH,Hot Chili Limited
HE.H,Hanwei Energy Services Corp
HELI,First Helium Inc
HEM,Hemostemix Inc
HEVI,Helium Evolution Incorporated
HFC,Hampton Financial Corp
HFC.PR.A,Hampton Financial Corp Pref A
HI,Highland Copper Company Inc
HIDE.P,Hydaway Ventures Corp
HIGH,Highgold Mining Inc
HIH,Hylands International Hldg Inc
HILL,Hill Street Beverage Company Inc
HILO,Hilo Mining Ltd.
HIRE,Hire Technologies Inc
HITI,High Tide Inc
HITI.WR,High Tide Inc Wr
HITI.WT,High Tide Inc WT
HIVE,Hive Blockchain Technologies Inc
HIVE.WT,Hive Blockchain Technologies Ltd Wts
HMAN,Huntsman Exploration Inc
HMCC.P,High Mountain 2 Capital Corp
HME,Hemisphere Energy Corp
HMLO,Hemlo Explorers Inc
HMPG,The Hempshire Group Inc
HMR,Homerun Resources Inc
HMRK,Highmark Interactive Inc
HMT,Halmont Properties Corp
HO.P,H2 Ventures 1 Inc
HOC,Hunter Technology Corp
HPL.H,Horizon Petroleum Ltd
HPQ,Hpq Silicon Inc.
HPY,Happy Creek Minerals Ltd
HRE.H,Stans Energy Corp
HSTR,Heliostar Metals Ltd
HTC,Htc Purenergy Inc
HTL,Hamilton Thorne Ltd
HUD,Hudson Resources Inc
HULK,Pontus Protein Ltd
HVG,Harvest Gold Corp
HVT,Harvest One Cannabis Inc
HVT.WT,Harvest One Cannabis Inc WT
HWY,Highway 50 Gold Corp
HX,Dajin Lithium Corp
IB,Ibc Advanced Alloys Corp
IBO,Universal Ibogaine Inc
IBT,Ibex Technologies Inc
ICM,Iconic Minerals Ltd
ICON,Intl Iconic Gold Exploration Corp.
ICPH,Icpei Holdings Inc
ID,Identillect Technologies Corp
IDL,Imaging Dynamics Company Ltd
IEI,Imperial Equities Inc
IFOS,Itafos
IFX,Imaflex Inc
IGO,Independence Gold Corp
IGP,Imperial Ginseng Products Ltd
ILC,International Lithium Corp
ILI,Infinite Ore Corp
IMA,I-Minerals Inc
IMIN,Imining Technologies Inc
IMR,Imetal Resources Inc
INCA,Inca One Gold Corp
INEO,Ineo Tech Corp
INFD,Infield Minerals Corp
INFI,Infinitum Copper Corp
INTR,Intrepid Metals Corp
INX,Intouch Insight Ltd
ION,ION Energy Ltd
IOT,Innovotech Inc
IOU,Iou Financial Inc
IPA,Immunoprecise Antibodies Ltd
IPG,Imperial Mining Group Ltd
IPT,Impact Silver Corp
IQ,Airiq Inc
IRI,Iemr Resources Inc
IRO,Inter-Rock Minerals Inc
ISD,Isign Media Solutions Inc
ISGI,Insuraguest Technologies Inc
ISO,Isoenergy Ltd
ITR,Integra Resources Corp
IVF.H,Invictus Financial Inc
IVS,Inventus Mining Corp
IVX,Inventronics Ltd
IXI,Indigo Exploration Inc
IZ,International Zeolite Corp
IZN,Inzinc Mining Ltd
IZZ,International Prospect Ventures Ltd
JADE,Jade Leader Corp
JAEG,Jaeger Resources Corp
JAX,Jaxon Mining Inc
JDN,Jayden Resources Inc
JE.H,Just Energy Group Inc
JES.P,Jesmond Capital Ltd
JEV,Jericho Energy Ventures Inc
JG,Japan Gold Corp
JJ,Jackpot Digital Inc
JJ.WT.B,Jackpot Digital Inc WT B
JJ.WT.C,Jackpot Digital Inc WT C
JJJJ.P,J4 Ventures Inc
JK,Just Kitchen Holdings Corp
JNH,Jack Nathan Medical Corp
JOR,Jourdan Resources Inc
JPIM,Jasper Commerce Inc
JPWR.UN,Jade Power Trust
JRV,Jervois Mining Ltd
JSP,Jasper Mining Corporation
JTC,Jemtec Inc
JTR,Greenspace Brands Inc
JUGR,Juggernaut Exploration Ltd
JUMP,Leveljump Healthcare Corp
JUMP.WT,Leveljump Healthcare Corp WT
JZR,Jazz Resources Inc
KAC.P,Kalon Acquisition Corp
KALO,Kalo Gold Corp
KAPA,Kapa Gold Inc
KC,Kutcho Copper Corp
KCC,Kincora Copper Ltd
KDA,Kda Group Inc
KDK,Kodiak Copper Corp
KDSX,Kadestone Capital Corp
KEN,Kenadyr Mining Holdings Corp
KES,Kesselrun Resources Ltd
KFR,Kingfisher Metals Corp
KG,Klondike Gold Corp
KGC,Kestrel Gold Inc
KGL.H,Kgl Resources Ltd.
KGS,Kingsman Minerals Ltd
KHRN,Khiron Life Sciences Corp
KHRN.WT,Khiron Life Sciences Corp WT
KIB,Kiboko Gold Inc
KIDZ,Kidoz Inc
KING,King Global Ventures Inc
KIP,Kiplin Metals Inc
KLD,Kenorland Minerals Ltd
KLE.H,Kingsland Energy Corp.
KLM,Kermode Resources Ltd
KLX,Earl Resources Limited
KNC,K9 Gold Corp
KNE,Kane Biotech Inc
KNG,Kingsmen Resources Ltd
KO,Kiaro Holdings Corp
KORE,Kore Mining Ltd
KOVO,Kovo Healthtech Corp
KRL,Kainantu Resources Ltd
KS,Klondike Silver Corp
KSUM.H,Alset Capital Inc
KTN,Kootenay Silver Inc
KTO,K2 Gold Corp
KTR,Kintavar Exploration Inc
KUB,Cub Energy Inc
KUR.H,Kure Technologies Inc
KUT,Redishred Capital Corp
KUU,Kuuhubb Inc
KWE,Kwesst Micro Systems Inc
KYS.H,Kaymus Resources Inc
KZD,Kaizen Discovery Inc
LA,Los Andes Copper Ltd
LAB,Labrador Gold Corp
LBC,Libero Copper & Gold Corp
LBI,Lions Bay Capital Inc
LBNK,Lithiumbank Resources Corp
LBNK.WT,Lithiumbank Resources Corp
LDI,Lithoquest Resources Inc
LEM,Leading Edge Materials Corp
LEO,Lion Copper & Gold Corp
LEX,Longhorn Exploration Corp
LEXI,Lithium Energi Exploration Inc
LFC.P,Left Field Capital Corp
LFST,Lifeist Wellness Inc
LFST.WT.A,Lifeist Wellness Inc
LFST.WT.B,Lifeist Wellness Inc
LG,Lahontan Gold Corp
LGC,Lavras Gold Corp
LHI,Lendified Holdings Inc
LI,American Lithium Corp
LI.WT,American Lithium Corp WT
LILI,Li3 Lithium Corp
LILL.P,Little Fish Acquisition I Corp
LIO,Lion One Metals Ltd
LIS,Lithium South Development Corp
LIT,Argentina Lithium and Energy Corp
LITH,Lithium Chile Inc
LITT,Roadman Investments Corp
LKY,Lucky Minerals Inc
LL,Canada Rare Earth Corp
LLG,Mason Graphite Inc
LM,Lingo Media Corp
LME,Laurion Mineral Exploration Inc
LMG,Lincoln Gold Mining Inc
LMR,Lomiko Metals Inc
LMS,Latin Metals Inc
LONE,Lithium One Metals Inc
LORD,ST James Gold Corp
LOT,Tomagold Corp
LOTA,Delota Corp
LOU,Lucero Energy Corp
LOVE,Cannara Biotech Inc
LPC,Lorne Park Capital Partners Inc
LPK,Lupaka Gold Corp
LPS,Legend Power Systems Inc
LPS.WT.A,Legend Power Systems Inc WT A
LQWD,Lqwd Fintech Corp
LR,Luminex Resources Corp
LRA,Lara Exploration Ltd
LRT.UN,Lanesborough R.E. Investment Trust
LSD.H,Lightspeed Discoveries Inc
LTE,Lite Access Technologies Inc
LTH,Lithium Ionic Corp
LTV,Leonovus Inc
LUCK,Real Luck Group Ltd
LUM,Lumina Gold Corp
LVX,Leviathan Gold Ltd
LX.H,Lincoln Ventures Ltd
LXG,Lexagene Holdings Inc
MAE,Maritime Resources Corp
MAH,Marksmen Energy Inc
MAI,Minera Alamos Inc
MAND.P,Mandeville Ventures Inc
MAPS,Prostar Holdings Inc
MAR.UN,Marwest Apartment REIT
MARV,Marvel Discovery Corp
MAS,Mas Gold Corp
MASS,Masivo Silver Corp
MATE,Blockmate Ventures Inc
MAU,Montage Gold Corp
MAX,Max Resource Corp
MAZ.H,Mazarin Inc
MBI.H,Med Biogene Inc
MCF.H,Pinedale Energy Limited
MCG,Mountain China Resorts Holding Ltd
MCI,Minnova Corp
MCLD,Mcloud Technologies Corp
MCM.A,Matachewan Cons Mines
MCX,Mcorpcx Inc
MD,Midland Exploration Inc
MDL,Medallion Resources Ltd
MDM,Madoro Metals Corp
MDX,Medx Health Corp
MED,Medgold Resources Corp
MEED.P,Meed Growth Corp
MEK,Metals Creek Resources Corp
MENE,Mene Inc
MERG,Metal Energy Corp
MET,Metalore Resources Ltd
MEX,Mexican Gold Mining Corp
MEX.WT,Mexican Gold Corp WT
MFA.P,Mayfair Acquisition Corporation
MFG,Mayfair Gold Corp
MGC.H,Midasco Capital Corp
MGG,Minaurum Gold Inc
MGI,Magnum Goldcorp Inc
MGM,Maple Gold Mines Ltd
MGR,Magna Gold Corp
MHI,Mineral Hill Industries Ltd
MHUB,Minehub Technologies Inc
MILL,Millbank Mining Corp
MIM,Mimedia Holdings Inc
MIMI,Mimis Rock Corp
MINE,Inomin Mines Inc
MIR,Medmira Inc
MIT,The Mint Corp
MJS,Majestic Gold Corp
MKA,Mkango Resources Ltd
MKO,Mako Mining Corp
MKR,Melkior Resources Inc
MKT,Deepmarkit Corp
MLY,Multi-Metal Development Ltd
MMA,Midnight Sun Mining Corp
MMG,Metallic Minerals Corp
MMM,Minco Capital Corp
MMN,Monarca Minerals Inc
MMS,Macarthur Minerals Ltd
MMV,Mineral Mountain Resources Ltd
MMY,Monument Mining Ltd
MN,Manganese X Energy Corp
MN.WT,Manganese X Energy Corp WT
MNC,Magnetic North Acquisition Corp
MNLX,Miniluxe Holding Corp
MNOW,Mednow Inc
MNRL,Monumental Minerals Corp
MNTO,Minto Metals Corp
MNTR,Mantaro Precious Metals Corp
MNX,Manitex Capital Inc
MON,Montero Mining and Exploration Ltd
MONT,Montfort Capital Corp
MONT.PR.A,Timia Capital Corp Pref A
MOON,Blue Moon Metals Inc
MOS,Mobi724 Global Solutions Inc
MOX,Morien Resources Corp
MPH,Medicure Inc
MPM,Millennial Precious Metals Corp
MRO,Millrock Resources Inc
MRS,Mission Ready Solutions Inc
MRVL,Marvel Biosciences Corp
MRZ,Mirasol Resources Ltd
MSC,Millenium Silver Corp
MSCL,Satellos Bioscience Inc
MSP,Minaean SP Construction Corp
MSR,Minsud Resources Corp
MT,M3 Metals Corp
MTA,Metalla Royalty & Streaming Ltd
MTB,Mountain Boy Minerals Ltd
MTC,Metalcorp Ltd
MTH,Mammoth Resources Corp
MTLO,Martello Technologies Group Inc
MTS,Metallis Resources Inc
MTT,Magna Terra Minerals Inc
MTU,Manitou Gold Inc
MTX,Metalex Ventures Ltd
MUN,Mundoro Capital Inc
MUR,Murchison Minerals Ltd
MUSH,The Good Shroom CO Inc
MUST.H,Must Capital Inc
MVAI,Minerva Intelligence Inc
MVD.H,Mega View Digital Entertainment Corp
MVI.H,Monitor Ventures Inc
MVY,Moovly Media Inc
MWX,Mineworx Technologies Ltd
MWX.RT,Mineworx Technologies Ltd RTS
MXL.H,Mx Gold Corp
MYID,Reklaim Ltd
MYLK,The Planting Hope Company Inc
MZN,Metallum Resources Inc
NAM,New Age Metals Inc
NAR,North Arrow Minerals Inc
NAU,Nevgold Corp
NBLC,Nobel Resources Corp
NBM,NEO Battery Materials
NBR,Nubian Resources Ltd
NBVA,Nubeva Technologies Ltd
NBY,Niobay Metals Inc
NCAU,Newcore Gold Ltd
NCI,Ntg Clarity Networks Inc
NCX,Northisle Copper and Gold Inc
NDA,Neptune Digital Assets Corp
NDVA,Indiva Ltd
NED,New Destiny Mining Corp
NET.UN,Canadian Net Real Estate Investment
NEV,Nevada Sunrise Gold Corp
NEW,New Target Mining Corp
NEWO,Neworigin Gold Corp
NEWU,Newtopia Inc
NEXE,Nexe Innovations Inc
NFG,New Found Gold Corp
NGC,Northern Graphite Corp
NGE,Nevada Exploration Inc
NGEN,Nervgen Pharma Corp
NGEX,Ngex Minerals Ltd
NGMD,Nugen Medical Devices Inc
NGY,Nexera Energy Inc
NHHH,Fuelpositive Corp
NHP,Lumiera Health Inc
NICL,Nickel Rock Resources Inc
NICN,Nican Limited
NICU,Magna Mining Inc
NIKL,Gk Resources Ltd
NILI,Surge Battery Metals Inc
NIM,Nicola Mining Inc
NIO,Niocan Inc
NIR,Noble Iron Inc
NKG,Nevada King Gold Corp
NKL,Conic Metals Corp
NKW.H,Oceanic Wind Energy Inc
NLH,Nova Leap Health Corp
NMG.H,Noble Metal Group Incorporated
NMI,Namibia Critical Metals Inc
NNX,Nickel North Exploration Corp
NOB,Noble Mineral Exploration Inc
NOC,Norseman Silver Inc
NOCR,Norden Crown Metals Corp
NORA,Norra Metals Corp
NORR,Norrland Gold Corp
NOU,Nouveau Monde Graphite Inc
NOVR,Nova Royalty Corp
NOW,Nowvertical Group Inc
NOW.WT,Nowvertical Group Inc
NPA,Alphinat Inc
NPR,North Peak Resources Ltd
NPTH,Neupath Health Inc
NRG,Newrange Gold Corp
NRM,Noram Lithium Corp
NRN,Northern Shield Resources Inc
NRX,Nurexone Biologic Inc
NSC,Nevada Silver Corp
NSCI,Nanalysis Scientific Corp
NSE,New Stratus Energy Inc
NSP,Naturally Splendid Enterprises Ltd
NTE,Network Media Group Inc
NU,Neutrisci International Inc
NUG,Nulegacy Gold Coporation
NVI,Novra Technologies Inc
NVT,Nortec Minerals Corp
NVX,NV Gold Corp
NWST,Northwest Copper Corp
NWX,Newport Exloration Ltd
NXG,Nexgenrx Inc
NXH,Next Hydrogen Solutions Inc
NXLV,Nexliving Communities Inc
NXO,Nexoptic Technology Corp
NXS,Nexus Gold Corp
NZ,New Zealand Energy Corp
NZN,Nevada Zinc Corp
NZP,Chatham Rock Phosphate Ltd
OAM,Overactive Media Corp
OC,Olive Resource Capital Inc
OCAP.P,Ocean Shore Capital Corp
OCG,Outcrop Silver & Gold Corp
OCO,Oroco Resource Corp
ODD,Odd Burger Corp
ODV,Osisko Development Corp
ODV.WT,Osisko Development Corp Wts
ODX.H,Odyssey Resources Ltd
OEC.H,Oracle Energy Corp
OEE,Memex Inc
OEG.H,Onenergy Inc
OG,Oragin Foods Inc
OGN,Orogen Royalties Inc
OGO,Organto Foods Inc
OIII,O3 Mining Inc
OLV,Olivut Resources Ltd
OM,Osisko Metals Incorporated
OMG,Omai Gold Mines Corp
OMI,Orosur Mining Inc
OML,Omni-Lite Industries Canada Inc
OMM,Omineca Mining and Metals Ltd
ONE,01 Communique Laboratory Inc
OOOO,Entertainment Commerce Ltd
OOR,Opus One Gold Corp
OPEN.P,Opensesame Acquisition Corp
OPHR,Ophir Gold Corp
OPV,Optimum Ventures Ltd
OPW,Opawica Explorations Inc
ORC.B,Orca Energy Group Inc Cl B
ORM,Orford Mining Corp
ORS,Orestone Mining Corp
ORX,Orefinders Resources Inc
OSI,Osino Resources Corp
OSS,Onesoft Solutions Inc
OTC,Ocumetics Technology Corp
OTGO.H,O2Gold Inc
OTS.H,Optimus Gold Corp
OVT,Oculus Visiontech Inc
OWN,Rex Resources Corp
OYL,Cgx Energy Inc
OZ,Outback Goldfields Corp
OZAU,Queensland Gold Hills Corp
PA,Palamina Corp
PAC,Pacton Gold Inc
PAN,Pangolin Diamonds Corp
PAR.H,Parent Capital Corp
PAS,Pascal Biosciences Inc
PBM,Pacific Bay Minerals Ltd
PBX,Powerband Solutions Inc
PCAA.P,PC 1 Corp
PCLO,Pharmacielo Ltd
PCP.P,Pender Street Capital Corp
PCQ,Petrolympic Ltd
PDM,Palladium One Mining Inc
PE,Pure Energy Minerals Ltd
PEAK,Sun Peak Metals Corp
PEAS,Global Food and Ingredients Ltd
PEGA,Pegasus Resources Inc
PEI,Prospera Energy Inc
PEM.P,Penbar Capital Ltd
PEMC,Pacific Empire Minerals Corp
PER,Peruvian Metals Corp
PERU,Chakana Copper Corp
PESO,Pesorama Inc
PESO.WT,Pesorama Inc.
PEX,Pacific Ridge Exploration Ltd
PFC,Petrofrontier Corp
PFM,Prontoforms Corp
PGC,Plato Gold Corp
PGDC,Patagonia Gold Corp
PGE,Stillwater Critical Minerals
PGLD,P2 Gold Inc
PGM,Pure Gold Mining Inc
PGP,Power Group Projects Corp
PGV,Prodigy Ventures Inc
PGX,Prosper Gold Corp
PGZ,Pan Global Resources Inc
PHA,Premier Health of America Inc
PHC,Pathway Health Corp
PHD,Providence Gold Mines Inc
PHNM,Phenom Resources Corp
PINE.UN,Pine Trail Real Estate Investment Trust
PINK,Perimeter Medical Imaging Ai Inc
PJX,Pjx Resources Inc
PKT,Parkit Enterprise Inc
PLA,Plata Latina Minerals Corp
PLAN,Progressive Planet Solutions Inc
PLRB,Pluribus Technologies Corp
PLUR,Plurilock Securityinc
PLXX.P,Planet X II Capital Corp
PLY,Playfair Mining Ltd
PMET,Patriot Battery Metals Inc
PMKR,Playmaker Capital Inc
PML,Panoro Minerals Ltd
PMR,Prime Meridian Resources Corp
PMX,Proam Exploration Corp
PNG,Kraken Robotics Inc
PNN,Pambili Natural Resources Corp
PNPN,Power Nickel Inc
PNRL,Premium Nickel Resources Ltd
PNTR,Pantera Silver Corp
POE,Pan Orient Energy Corp
POND,Pond Technologies Holdings Inc
POOL,Pool Safe Inc
POPR,Popreach Corporation
POR,Portofino Resources Inc
PPE.H,Pacific Paradym Energy Inc
PPM,Pacific Imperial Mines Inc
PPP,Prospector Metals Corp
PPX,Ppx Mining Corp
PQE,Petroteq Energy Inc
PRB,Probe Metals Inc
PRG,Precipitate Gold Corp
PRH,Pearl River Holdings Ltd
PRO,Pershimex Resources Corp
PRS,Prism Resources Inc
PRYM,Prime Mining Corp
PSYB,Psybio Therapeutics Corp
PTC,Petrox Resources Corp
PTE,Pioneering Technology Corp
PTEC,Principal Technolgies Inc
PTF,Pender Growth Fund Inc
PTFY,Plantify Foods Inc
PTK,Poet Technologies Inc
PTP.H,Petrichor Energy Inc
PTU,Purepoint Uranium Group Inc
PUC,Pancontinental Resources Corp
PUL,Pulse Oil Corp
PUMA,Puma Exploration Inc
PVF.PR.U,Partners Value Investments Series 1 Pref
PVF.UN,Partners Value Investments LP
PVF.WT,Partners Value Investments WT
PVT,Pivotree Inc
PWM,Power Metals Corp
PX,Pelangio Exploration Inc
PXI,Planet Ventures Inc
QCCU,QC Copper and Gold Inc
QCX,Qcx Gold Corp
QGR,Q Gold Resources Ltd
QIPT,Quipt Home Medical Corp
QIPT.DB.A,Quipt Home Medical Corp
QIS,Quorum Information Technologies Inc
QMC,Qmc Quantum Minerals Corp
QNC,Quantum Emotion Corp
QPM,Quebec Precious Metals Corp
QPT,Quest Pharmatech Inc
QRO,Quadro Resources Inc
QST,Questor Technology Inc
QUIS,Quisitive Technology Solutions Inc
QURI,Quri Mayu Developments Ltd
QYOU,Qyou Media Inc
QZM,Quartz Mountain Resources Ltd
RAC.P,Riverwalk Acquisition Corp
RAK,Rackla Metals Inc
RAU,Resouro Gold Inc
RBX,Robex Resources Inc
RCK,Rock Tech Lithium Inc
RCK.WT,Rock Tech Lithium Inc.
RCT,Rochester Resources Ltd
RDG,Ridgeline Minerals Corp
RDS,Radisson Mining Resources Inc
RDU,Radius Gold Inc
RE,Re Royalties Ltd
RECO,Reconnaissance Energy Africa Ltd
RECO.WT.A,Reconnaissance Energy Africa Ltd
REE,E Tech Resources Inc
REG,Regulus Resources Inc
REKO,Reko International Group Inc
RET,Reitmans Canada
RET.A,Reitmans [Canada] Ltd Cl A NV
REVO,Revolugroup Canada Inc
REVV,Revolve Renewable Power Corp
REX,Orex Minerals Inc
REYG,Reyna Gold Corp
RG,Romios Gold Resources Inc
RGD,Reunion Gold Corp
RGG,React Gaming Group Inc
RGI,Reco International Group Inc
RHC,Royal Helium Ltd
RHC.WT,Royal Helium Ltd WT
RHT,Reliq Health Technologies Inc
RIO,Rio2 Ltd
RIWI,Riwi Corp
RJX.A,Rjk Explorations Ltd Cl A Sv
RK,Rockhaven Resources Ltd
RKR,Rokmaster Resources Corp
RKV,Rakovina Therapeutics Inc
RLP,Realia Properties Inc
RLYG,Riley Gold Corp
RMD,Richmond Minerals Inc
RMI,Ridgestone Mining Inc
RML,Rusoro Mining Ltd
RMO,Rainy Mountain Royalty Corp
RNCH,Melior Resources Inc
ROAR,Lion Rock Resources Inc
ROCK,Rockridge Resources Ltd
ROI,Route1 Inc
ROK,Rok Resources Inc
ROK.WT,Rok Resources Inc.
ROMJ,Rubicon Organics Inc
ROMJ.WT,Rubicon Organics Inc WT
ROOF,Northstar Clean Technologies Inc
ROOF.WT,Northstar Clean Technologies Inc WT
ROS,Roscan Gold Corp
ROVR,Rover Metals Corp
ROX,Canstar Resources Inc
RP,Replicel Life Sciences Inc
RPX,Red Pine Exploration Inc
RRI,Riverside Resources Inc
RRR.UN,R and R Real Estate Investment Trust
RRS,Rogue Resources Inc
RSLV,Reyna Silver Corp
RSMX,Regency Silver Corp
RSS,Resaas Services Inc
RTH,Rathdowney Resources Ltd
RTI,Radient Technologies Inc
RTM,Rt Minerals Corp
RUG,Rugby Resources Ltd
RUM,Rocky Mountain Liquor Inc
RUN.H,Running Fox Resource Corp
RUP,Rupert Resources Ltd
RV,Discovery One Investment Corp
RVG,Revival Gold Inc
RVLY,Rivalry Corp
RW,Renoworks Software Inc
RX,Biosyent Inc
RYE,Rhyolite Resources Ltd
RYO,Rio Silver Inc
RYR,Royal Road Minerals Ltd
RYU,Ryu Apparel Inc
RZE,Razor Energy Corp
SA.H,Southern Arc Minerals Inc
SAE,Sable Resources Ltd
SAG,Sterling Metals Corp
SAI.H,Sunshine Agri Tech Inc
SALT,Atlas Salt Inc
SAO,South Atlantic Gold Inc
SAT,Asian Television Network Int Ltd
SATO,Canada Computational Unlimited Corp
SAWC.P,Sayward Capital Corp
SAY,Sparta Capital Ltd
SB,Stratabound Minerals Corp
SBBC,Simply Better Brands Corp
SBIO,Sabio Holdings Inc
SBM,Sirona Biochem Corp
SBMI,Silver Bullet Mines Corp
SBO.H,Schwabo Capital Corp
SC.H,Serrano Resources Ltd
SCAN,Liberty Defense Holdings Ltd
SCD,Samoth Oilfield Inc
SCLT,Searchlight Resources Inc
SCOT,Scottie Resources Corp
SCPT.A,Starlight US Multi Family 2 Core Plus Fd
SCRS.P,ST Charles Resources Inc
SCZ,Santacruz Silver Mining Ltd
SDI,Stampede Drilling Inc
SDR,Stroud Resources Ltd
SEB,Smart Employee Benefits Inc
SECU,Ssc Security Services Corp
SEI,Sintana Energy Inc
SEI.WT,Sintana Energy Inc Wts
SEV,Spectra7 Microsystems Inc
SEVN.P,Seven Oaks Capital Corp
SFR,Sandfire Resources America Inc
SFT,Softrock Minerals Ltd
SGC,Solstice Gold Corp
SGE,Strategem Capital Corp
SGI,Superior Gold Inc
SGMD,Salona Global Medical Device Corp
SGML,Sigma Lithium Corp
SGN,Scorpio Gold Corp
SGO,Sonoro Gold Corp
SGU,Signature Resources Ltd
SGZ,Sego Resources Inc
SHL,Spruce Ridge Resources Ltd
SIC,Sokoman Minerals Corp
SIE,Sienna Resources Inc
SILV,Silver Valley Metals Corp
SJR.A,Shaw Communications Inc
SKP,Strikepoint Gold Inc
SKRR,Skrr Exploration Inc
SKYG,Sky Gold Corp
SLG,San Lorenzo Gold Corp
SLHG,Skylight Health Group Inc
SLI,Standard Lithium Ltd
SLK,Silk Road Energy Inc
SLMN,Solis Minerals Ltd
SLVR,Silver Tiger Metals Inc
SMD,Strategic Metals Ltd
SME,Sama Resources Inc Ressources Sama Inc
SML,Southstone Minerals Ltd
SMN,Sun Summit Minerals Corp
SMP,Southern Empire Resources Corp
SMR.H,Shine Minerals Corp
SMRV,Smooth Rock Ventures Corp
SMY,Search Minerals Inc
SNG,Silver Range Resources Ltd
SNM,Shamaran Petroleum Corp
SNS,Select Sands Corp
SNV,Sonoro Energy Ltd
SNYB,Shiny Health & Wellness Corp
SOI,Sirios Resources Inc
SOIL,Saturn Oil and Gas Inc
SOIL.WT,Saturn Oil and Gas Inc WT
SOIL.WT.A,Saturn Oil & Gas Inc.
SOIL.WT.B,Saturn Oil & Gas Inc
SOLI.P,Solid Impact Investments Corp
SOLR,Solar Alliance Energy Inc
SOMA,Soma Gold Corp
SOO.P,Spectre Capital Corp
SOP.H,Soperior Fertilizer Corp
SOU,Southern Energy Corp
SPA,Spanish Mountain Gold Ltd
SPC,Spc Nickel Corp
SPD,Silver Predator Corp
SPI,Canadian Spirit Resources Inc
SPN,Snipp Interactive Inc
SPOT,Earthlabs Inc
SPP,Spot Coffee Ltd
SPRQ,Sparq Corp
SPRX,Sparx Technology Inc
SPX,Stellar Africagold Inc
SPZ,Superbuzz Inc
SQD,Sqi Diagnostics Inc
SR,Strategic Resources Inc
SRA,Stria Lithium Inc
SRC,Stakeholder Gold Corp
SRE,Saville Resources Inc
SRES,Sun Residential REIT
SRG,Srg Graphite Inc
SRI,Sparton Resources Inc
SRL,Salazar Resources Ltd
SRR,Source Rock Royalties Ltd
SRR.WT,Source Rock Royalties Ltd Wts
SSA,Spectra Products Inc
SSE,Silver Spruce Resources Inc
SSS.P,Samurai Capital Corp
SSV,Southern Silver Exploration Corp
SSVR,Summa Silver Corp
SSX.P,Sleeping Giant Capital Corp
STA,Sanatana Resources Inc
STE,Starr Peak Mining Ltd
STG,Stone Gold Inc
STH,Stelmine Canada Ltd
STMP,Stamper Oil & Gas Corp
STND,Standard Uranium Ltd
STNG,Stinger Resources Inc
STRR,Star Royalties Ltd
STRR.WT,Star Royalties Ltd WT
STS,South Star Mining Corp
STU,Stuhini Exploration Ltd
STUD,Stallion Gold Corp
STUV,Stuve Gold Corp
SUGR,Sugarbud Craft Growers Corp
SUGR.WR,Sugarbud Craft Growers Corp Wr
SUI,Superior Mining International Corp
SUP,Northern Superior Resources Inc
SURF.A,Starlight US Residential Fund CAD
SURG,Surge Copper Corp
SUU.H,Strathmore Plus Energy Corp
SVE,Silver One Resources Inc
SVG,Silver Grail Resources Ltd
SVP.H,Sceptre Ventures Inc
SVS,Solarvest Bioenergy Inc
SVTN,Silverton Metals Corp
SWA,Sarama Resources Ltd
SWAN,Black Swan Graphene Inc
SWLF,Silver Wolf Exploration Ltd
SXL,Slam Exploration Inc
SYG,Sylla Gold Corp
SYH,Skyharbour Resources Ltd
TAJ,Tajiri Resources Corp
TAL,Petrotal Corp
TAO,Tag Oil Ltd
TAU,Thesis Gold Inc
TBIX,Trustbix Inc
TBK,Trailbreaker Resources Ltd
TBLL,Tombill Mines Ltd
TBR,Timberline Resources Corp
TBRD,Thunderbird Entertainment Group Inc
TBX,Turmalina Metals Corp
TCEC,Tisdale Clean Energy Corp
TCK.P,Trillium Acquisition Corp
TCO,Transatlantic Mining Corp
TDG,Tdg Gold Corp
TEA,Tearlach Resources Ltd
TECT,Tectonic Metals Inc
TELO,Telo Genomics Corp
TEM,Tembo Gold Corp
TES,Tesoro Minerals Corp
TEST,Flurotech Ltd
TFM,Transforma Resources Corp
TG,Trifecta Gold Ltd
TGH,Tornado Global Hydrovacs Ltd
TGM,Trillium Gold Mines Inc
TGOL,Thunder Gold Corp
TGX,True North GEMS Inc
THNK,Think Research Corp
THP,Totally Hip Technologies Inc
THRM,Therma Bright Inc
THX,Thor Explorations Ltd
TIE,Coloured Ties Capital Inc
TIG,Triumph Gold Corp
TII,Terra Firma Capital Corp
TIL,Till Capital Corp
TIP.H,Tyner Resources Ltd
TK,Tinka Resources Ltd
TKU,Tarku Resources Ltd
TKX,Trackx Holdings Inc
TLA,Titan Logix Corp
TLT,Theralase Technologies Inc
TLT.WT,Theralase Technologies Inc WT
TM,Trigon Metals Inc
TMC,Trench Metals Corp
TMET,Torr Metals Inc.
TMG,Thermal Energy International Inc
TMRR,Tempus Resources Ltd
TMS.H,Targeted Microwave Solutions Inc
TNA,Evergreen Gaming Corp
TNO.H,Terreno Resources Corp
TNR,Tnr Gold Corp
TOH,Total Helium Ltd
TOH.WT,Total Helium Ltd Wts
TOI,Topicus.com Inc
TORA,Taura Gold Inc
TORC,Tinone Resources Inc
TORO,Pucara Gold Ltd
TORQ,Torq Resources Inc
TORR,Torrent Capital Ltd
TPC,Tenth Avenue Petroleum Corp
TPL,Tethys Petroleum Ltd
TR,Troubadour Resources Inc
TRA,Teras Resources Inc
TRBE,Tribe Property Technologies Inc
TRE,Toubani Resources Inc
TRIG.P,Gravitas III Capital Corp
TRO,Taranis Resources Inc
TRS,Tres-Or Resources Ltd
TRU,Tru Precious Metals Corp
TRV.P,Treviso Capital Corp
TSD,Tsodilo Resources Ltd
TSG,Tristar Gold Inc
TSLV,Tier One Silver Inc
TTG,Trans Canada Gold Corp
TTGI,Turnium Technology Group Inc
TTI,Thiogenesis Therapeutics Corp
TTO.H,Atoro Capital Corp
TTS,Tintina Mines Ltd
TTZ,Total Telcom Inc
TUD,Tudor Gold Corp
TUF,Honey Badger Silver Inc
TUO,Teuton Resources Corp
TVC,Three Valley Copper Corp
TVI,Tvi Pacific Inc
TWR,Tower Resources Ltd
TWY,Twyford Ventures Inc
TZR,Terrace Energy Corp
UCU,Ucore Rare Metals Inc
UFC,Urbanfund Corp
UGD,Unigold Inc
UGE,Uge International Ltd
UI,Urbanimmersive Inc
ULT,Ultra Lithium Inc
UNO.H,Northern Uranium Corp
UNV,Universal Copper Ltd
UPI,Universal Proptech Inc
URC,Uranium Royalty Corp
URC.WT,Uranium Royalty Corp WT
USCM,US Critical Metals Corp
USCU,US Copper Corp
USHA,Usha Resources Ltd
USS,Uniserve Communications Corp
UWE,U3O8 Corp
VAU,Viva Gold Corp
VAX,Vantex Resources Ltd
VCC.P,Veteran Capital Corp
VCI,Vitreous Glass Inc
VCT,Volt Carbon Technologies Inc
VCU,Vizsla Copper Corp
VCV,Vatic Ventures Corp
VDKA,Forbidden Spirits Distilling Corp
VDO.H,Nevado Resources Corp
VEC,Vanadian Energy Corp
VEIN,Pasofino Gold Ltd
VENZ,Venzee Technologies Inc
VER.H,Verisante Technology Inc
VERT,Vertical Explorations Inc
VERY,The Very Good Food Company Inc
VG,Volcanic Gold Mines Inc
VGD,Visible Gold Mines Inc
VGN,Greencastle Res Ltd
VIO,Vior Inc
VIP,Vip Entertainment Tech Inc
VIPR,Silver Viper Minerals Corp
VIS,Visionstate Corp
VIV,Avivagen Inc
VIZ,Visionary Gold Corp
VKG.H,Norse Gold Corp
VLC,Velocity Minerals Ltd
VLI,Vision Lithium Inc
VM,Voyageur Pharmaceuticals Ltd
VMC,Vicinity Motor Corp
VML,Viscount Mining Corp
VMS,Vms Ventures Inc.
VO,Valore Metals Corp
VOL,Volatus Aerospace Corp
VOL.WT,Volatus Aerospace Corp Wts
VONE,Voyager Metals Inc
VOTI,Voti Detection Inc
VOX,Vox Royalty Corp
VPI,Vitality Products Inc
VPT,Ventripoint Diagnostics Ltd
VQA,Valterra Resource Corp
VRB,Vanadiumcorp Resource Inc
VRR,Vr Resources Ltd
VRY,Petro Victory Energy Corp
VSR,Vanstar Mining Resources Inc
VTT,Vendetta Mining Corp
VTX,Vertex Resource Group Ltd
VUI,Virginia Energy Resources Inc
VUL,Vulcan Minerals Inc
VUX,Vital Energy Inc
VVC,Vvc Exploration Corp
VXL,Vaxil Bio Ltd
VXTR,Voxtur Analytics Corp
VZLA,Vizsla Resources Corp
VZZ,Val-D'Or Mining Corp
WA,Western Atlas Resources Inc
WAGR,Champion Gaming Group Inc
WAM,Western Alaska Minerals Corp
WAR,Warrior Gold Inc
WAT.P,Whatcom Capital II Corp
WATR,Current Water Technologies Inc
WAVE,Waverley Pharma Inc
WBE,Westbond Enterprises Corp
WCC,Consolidated Woodjam Copper Corp
WCE,Wescan Energy Corp
WCU,World Copper Ltd
WE,Wecommerce Holdings Ltd
WEB,Westbridge Energy Corp
WED,The Westaim Corp
WEE,Wavefront Technology Solutions Inc
WEII,Wolverine Energy and Infrastructure Inc
WEX,Western Exploration Inc
WFLD,Wellfield Technologies Inc
WGF,Wescan Goldfields Inc
WGLD,Western Gold Exploration Ltd
WGO,White Gold Corp
WHG,Whitehorse Gold Corp
WHN,Westhaven Gold Corp
WHN.WT,Westhaven Gold Corp WT
WHY,West High Yield Resources Ltd
WI,The Western Investment CO of Cda Ltd
WIL,Wilton Resources Inc
WIN,Windfall Geotek Inc
WINS,Winshear Gold Corp
WISH,Wishpond Technologies Ltd
WITT.P,Wittering Capital Corp
WKG,Westkam Gold Corp
WLCO,The Welltold Company Inc
WLF,Wolfden Resources Corp
WMG,Western Magnesium Corp
WMK,Whitemud Resources Inc
WML,Wealth Minerals Ltd
WMS,Western Metallica Resources Corp
WP,Western Pacific Trust Company
WR.H,Worldwide Resources Corp
WRI,Waseco Resources Inc
WRR,Walker River Resources Corp
WSK,Wildsky Resources Inc
WVM,West Vault Mining Inc
WWT,Water Ways Technologies Inc
XAG,Xtierra Inc
XGC,Xali Gold Corp
XIM,Ximen Mining Corp
XND,Xander Resources Inc
XPLR,Xplore Resources Corp
XRTX,Xortx Therapeutics Inc
XTM,Transition Metals Corp
XTT,X Terra Resources Inc
XX,Avante Logixx Inc
XYBN,Xybion Digital Inc
XYZ,Anacortes Mining Corp.
YAK,Mongolia Growth Group Ltd
YAY.P,Toronto Cleantech Capital Inc
YEG,Yorkton Equity Group Inc
YES,Char Technologies Ltd
YFI,Edgewater Wireless Systems Inc
YGT,Gold Terra Resource Corp
YNV,Ynvisible Interactive Inc
YOO,Yangaroo Inc
YORK,York Harbour Metals Inc.
YTY,Wi2Wi Corp
YVR.P,Badger Capital Corp
Z.H,Zinc One Resources Inc
ZAC,Zacatecas Silver Corp
ZACA,Zacapa Resources Ltd
ZBNI,Zeb Nickel Corp.
ZC,Zimtu Capital Corp
ZCC.H,Zena Mining Corp
ZDC,Zedcor Inc
ZEN,Zentek Ltd
ZFR,Zephyr Minerals Ltd
ZNC.H,Zincore Metals Inc
ZNG,Group Eleven Resources Corp
ZNX,Zincx Resources Corp
ZOMD,Zoomd Technologies Ltd
ZON,Zonte Metals Inc
ZONE,Zonetail Inc
ZUM,Zoomermedia Ltd
