Symbol,Name
A1G,African Gold Limited
A1M,Aic Mines Limited
A200,A200
A2B,A2b Australia Limited
A2M,The A2 Milk Company Limited
A2MKOB,The A2 Milk Company Limited
A2MKOF,The A2 Milk Company Limited
A2MKOP,The A2 Milk Company Limited
A2MKOQ,The A2 Milk Company Limited
A2MKOS,The A2 Milk Company Limited
A2MKOV,A2MKOV
A3D,Aurora Labs Limited
A4N,Alpha Hpa Limited
A8G,Australasian Gold Limited
AAA,Betashares Australian High Interest Cash
AAC,Australian Agricultural Company Ltd
AAJ,Aruma Resources Limited
AAP,Australian Agricultural Projects Limited
AAR,Anglo Australian Resources NL
AASF,AASF
AAU,Adcorp Australia Ltd
AAUOB,AAUOB
ABA,Auswide Bank Ltd
ABB,Aussie Broadband Ltd
ABC,Adelaide Brighton Ltd
ABCKOA,Adelaide Brighton Limited
ABCKOB,Adelaide Brighton Limited
ABCKOQ,Adelaide Brighton Limited
ABCKOR,ABCKOR
ABE,Australian Bond Exchange
ABP,Abacus Property Group
ABV,Advanced Braking Technology Ltd
ABX,Abelle Ltd
ABY,Adore Beauty Group Ltd
AC8,Auscann Group Holdings Ltd
ACB,A-Cap Resources Ltd
ACBO,ACBO
ACDC,Etfs Battery Tech & Lithium
ACF,Acumen Capital Property Securities Fund
ACL,Alchemia Ltd
ACP,Audalia Resources Limited
ACQ,Acorn Capital Investment Fund Limited
ACR,Acrux Ltd
ACS,Accent Resources NL
ACU,Acuvax Limited
ACW,Actinogen Ltd
AD1,Applydirect Limited
AD8,Audinate Group Limited
ADA,Adacel Technologies Ltd
ADD,Adavale Resources Ltd
ADEF,ADEF
ADH,Adairs Limited
ADN,Adelaide Resources Ltd
ADO,
ADOOA,Anteo Diagnostics Limited
ADR,Adherium Limited
ADS,ADV Group Ltd
ADT,Advent Ltd
ADV,Australian Development Capital Fund
ADX,Audax Resources Ltd
ADY,Admiralty Resources NL
AE1,Aerison Group Ltd
AEE,Aura Energy Ltd
AEEO,AEEO
AEF,Australian Ethical Investments Ltd
AEG,Absolute Equity Performance Fund Limited
AEI,Aeris Technologies Ltd
AER,Aeeris Ltd
AESG,AESG
AEV,Avenira Limited
AFA,ASF Group Ltd
AFG,Allco Finance Group Ltd
AFI,Australian Foundation Invest Ltd
AFL,Australian Pure Fruits Ltd
AFP,Aft Pharmaceuticals Limited
AFW,Applyflow Limited
AGC,Agincourt Resources Ltd
AGD,Austral Gold Ltd
AGE,Alligator Energy Limited
AGG,Anglogold Ashanti Ltd (Sth Afr CUFS)
AGH,Australian Growth Properties
AGI,Ainsworth Game Technology Ltd
AGL,AGL Energy Limited
AGLKOA,Agl Energy Limited.
AGLKOB,Agl Energy Limited.
AGLKOD,Agl Energy Limited.
AGLKOP,Agl Energy Limited.
AGLKOQ,Agl Energy Limited.
AGLKOR,Agl Energy Limited.
AGN,Argenica Therapeutics Limited
AGR,Aguia Resources Limited
AGRO,AGRO
AGVT,AGVT
AGX1,AGX1
AGY,Argosy Minerals Inc (CUFS)
AHC,AHC Ltd
AHF,Australian Dairy Farms Group
AHI,Allco Hit Ltd
AHK,Ark Mines Limited
AHN,Athena Resources Ltd
AHQ,Allegiance Coal Limited
AHX,Apiam Animal Health Limited
AIA,Auckland International Airport Ltd
AIB,Aurora Infrastructure Buy Write Income
AII,ABRA Mining Ltd
AIM,Aim Resources Ltd
AIQ,Alternative Investment Trust
AIS,Automotive Industrial & Mining Supplies
AIV,Activex Ltd
AIVO,Activex Limited
AIZ,Air New Zealand Ltd
AJJ,Asian Centre For Liver Diseases And
AJL,AJ Lucas Group Ltd
AJQ,Armour Energy Limited
AJQOA,AJQOA
AJX,Alexium International Group Limited
AJY,Asaplus Resources Limited
AKE,Allkem Limited
AKG,AKG
AKL,Auckland Real Estate Trust
AKM,Aspire Mining Limited
AKN,Auking Mining Limited
AKNO,AKNO
AKO,Akora Resources Limited
AKP,Audio Pixels Holdings Limited
AL3,Aml3d Limited
AL8,Alderan Resources Limited
ALA,Applabs Technologies Ltd
ALB,Albidon Ltd
ALBO,ALBO
ALC,Alcidion Group Limited
ALD,Allied Gold Ltd
ALDKOA,ALDKOA
ALDKOB,ALDKOB
ALDKOC,ALDKOC
ALDKOP,ALDKOP
ALDKOQ,Ampol Limited
ALDKOS,ALDKOS
ALG,Applied Learning Ltd t/over
ALGKOP,ALGKOP
ALGKOR,Ardent Leisure Group Limited
ALI,Argo Global Listed
ALK,Alkane Exploration Ltd
ALL,Aristocrat Leisure Ltd
ALLKOA,Aristocrat Leisure Limited
ALLKOB,Aristocrat Leisure Limited
ALLKOE,Aristocrat Leisure Limited
ALLKOG,Aristocrat Leisure Limited
ALLKOP,Aristocrat Leisure Limited
ALLKOR,Aristocrat Leisure Limited
ALLKOT,Aristocrat Leisure Limited
ALM,Australis Media Ltd broke
ALO,Auto Group Ltd
ALQ,Als Limited
ALQKOA,Als Limited
ALQKOD,Als Limited
ALQKOE,Als Limited
ALQKOF,Als Limited
ALQKOP,Als Limited
ALQKOQ,Als Limited
ALQKOR,Als Limited
ALQKOS,Als Limited
ALT,Analytica Ltd
ALTOB,ALTOB
ALU,Altium Ltd
ALUKOA,Altium Limited
ALUKOB,Altium Limited
ALV,Alvo Minerals Limited
ALX,Allstate Explorations NL
ALXKOB,Atlas Arteria
ALXKOQ,Atlas Arteria
ALXKOR,Atlas Arteria
ALXKOS,Atlas Arteria
ALY,Alchemy Resources Ltd
AM7,Arcadia Minerals Limited
AMA,Allomak Ltd
AMC,Amcor Ltd
AMCKOA,Amcor Limited
AMCKOB,Amcor Limited
AMCKOG,Amcor Plc
AMCKOP,Amcor Limited
AMCKOS,Amcor Limited
AMD,Arrow Minerals Ltd
AME,Austmet Resources Ltd
AMH,AMCIL Ltd
AMI,Aurelia Metals Limited
AML,AMRAD Corporation Ltd
AMM,Amcom Telecommunications Ltd
AMN,Agrimin Limited
AMO,Ambertech Ltd
AMP,AMP Ltd
AMPKOA,Amp Limited
AMPKOC,Amp Limited
AMPKOD,Amp Limited
AMPKOG,Amp Limited
AMPKOR,Amp Limited
AMPKOS,Amp Limited
AMPKOT,Amp Limited
AMPKOV,Amp Limited
AMPLOA,Amp Limited
AMPPB,Amp Limited
AMS,Allied Mining & Processing Nl
AMT,Advanced Surgical Design & Manufacture
AMX,Ampella Mining Ltd
AN1,Anagenics Limited
AN1OA,AN1OA
AND,Andean Resources Ltd
ANG,Austin Engineering Ltd
ANL,Anaconda Nickel Nl
ANLOA,ANLOA
ANN,Ansell Ltd
ANNKOA,Ansell Limited
ANNKOP,Ansell Limited
ANNKOQ,Ansell Limited
ANO,Advanced Nanotechnology Ltd
ANP,Antisense Therapeutics Ltd
ANR,Anatara Lifesciences Ltd
ANW,Ausnico Limited
ANX,Anadis Ltd
ANZ,Australia & NZ Banking Group Ltd
ANZKOA,Australia And New Zealand Banking
ANZKOE,Australia And New Zealand Banking
ANZKOI,Australia And New Zealand Banking
ANZKOP,Australia And New Zealand Banking
ANZKOQ,Australia And New Zealand Banking
ANZKOR,Australia And New Zealand Banking
ANZKOX,Australia And New Zealand Banking
ANZMOB,Australia And New Zealand Banking
ANZMOQ,Australia And New Zealand Banking
ANZMOR,Australia And New Zealand Banking
ANZMOS,Australia And New Zealand Banking
ANZMOT,Australia And New Zealand Banking
ANZMOU,ANZMOU
ANZPF,Australia And New Zealand Banking
ANZPG,Australia And New Zealand Banking
ANZPH,Australia And New Zealand Banking
ANZPI,ANZPI
ANZPJ,ANZPJ
AO1,Assetowl Limited
AOA,
AOF,AMP Office Trust
AON,Apollo Minerals Ltd
AOU,Auroch Minerals Nl
APA,Australian Pipeline Trust
APAKOA,Apa Group
APAKOE,APAKOE
APAKOQ,Apa Group
APAKOR,Apa Group
APC,Australian Potash Limited
APE,AP Eagers Holdings Ltd
APG,Austpac Gold Resources NL
APM,Australian Institute of Prop Managmnt
APS,Allup Silica Limited
APW,Aims Property Securities Fund
APX,Appen Limited
APXKOA,Appen Limited
APZ,Aspen Group
AQC,Australian Pacific Coal Limited
AQCR,Australian Pacific Coal Limited
AQD,AusQuest Ltd
AQI,Alicanto Minerals Limited
AQLT,AQLT
AQN,Aquirian Limited
AQS,Aquis Entertainment Limited
AQX,Alice Queen Limited
AQXO,Alice Queen Limited
AQZ,Alliance Aviation Services Limited
AR1,Arrowhead Resources Limited
AR3,Australian Rare Earths Limited
AR9,Archtis Limited
AR9O,AR9O
ARA,Ariadne Australia Ltd
ARB,Arb Corporation Limited.
ARBKOB,Arb Corporation Limited.
ARBKOP,ARBKOP
ARC,Amalg Resources Nl
ARD,Argent Minerials Lts
ARE,Argonaut Resources NL
ARF,Arena Reit
ARG,Argo Investments Ltd
ARL,Austrim
ARN,Arnotts Ltd t/over Campbell Soup Co
ARNO,ARNO
ARO,Astro Diamond Mines NL
ARR,Arasor International Ltd
ART,Amp Shopping Centre ord unit
ARU,Arafura Resources NL
ARUO,ARUO
ARV,Artemis Resources Ltd
ARX,Austindo Resources Corporation NL
AS2,Askari Metals Limited
AS2O,AS2O
ASB,Austal Ltd
ASG,Autosports Group Limited.
ASH,Ashley Services Group Limited
ASIA,Betashares Asia Technology Tigers
ASM,Australian Strategic Materials Limited
ASN,Anson Resources Limited
ASNOC,ASNOC
ASNOD,ASNOD
ASO,Australian Silicon Ltd
ASP,Aspermont Ltd
ASQ,Asset Loans Ltd
ASR,Australian Rural Group Ltd
ASROB,Asra Minerals Limited
ASW,Advanced Share Registry Ltd
ASX,Australian Stock Exchange Ltd
ASXKOA,Asx Limited
ASXKOE,Asx Limited
ASXKOP,Asx Limited
ASXKOR,Asx Limited
AT1,Atomo Diagnostics Limited
ATA,Atc Alloys Ltd
ATC,Advantage Telecommunications Ltd
ATEC,ATEC
ATH,Atech Holdings Ltd
ATL,Auto Enterprises Ltd
ATM,Aneka Tambang (Persero) Tbk (Indo)
ATP,Atlas Pacific Ltd
ATR,Astron Ltd
ATS,Australis Oil & Gas Limited
ATU,Atrum Coal Nl
ATV,Atlantic Gold NL
ATX,Austminex Ltd
ATXO,ATXO
AU1,Ausnet Financial Services Limited
AUA,Australian Assets Corporation
AUB,Austbrokers Holdings Ltd
AUC,Ausgold Limited
AUE,Aurum Resources Limited
AUH,Australian Healthcare Technology Ltd
AUHO,AUHO
AUI,Australian United Investment Ltd
AUK,Augur Resources Ltd
AUKO,Augur Resources Ltd
AUKOA,Aumake Limited.
AUMF,Ishares Edge Msci Australia Multifactor
AUN,Austar United Communications Ltd
AUNO,Aurumin Limited
AUQ,Alara Uranium Ltd
AUR,Auris Minerals Limited
AURO,AURO
AUST,Betashares Managed Risk Australian Share
AUT,Aurora Oil & Gas Ltd
AUZ,Australian Mines Ltd
AV1,Adveritas Limited
AVA,Aviva Corporation Ltd
AVC,Australian Visual Communications
AVD,Advance Energy Ltd
AVE,Aevum Ltd
AVEO,AVEO
AVG,Australian Vintage Ltd t/over by SWS
AVH,Avita Medical Ltd
AVJ,AV Jennings Homes Ltd
AVL,Anvil Mining Nl
AVLOA,AVLOA
AVM,Anvil Mining Ltd (Canada CUFS)
AVR,Avatar Industries Ltd
AVW,Avira Energy Limited
AVWOA,Avira Resources Ltd
AVZ,Avonlea Minerals Ltd
AW1,American West Metals Limited
AWC,Alumina Ltd
AWCKOB,Alumina Limited
AWCKOC,Alumina Limited
AWCKOD,Alumina Limited
AWCKOJ,Alumina Limited
AWCKOP,Alumina Limited
AWCKOQ,Alumina Limited
AWCKOR,Alumina Limited
AWCKOT,Alumina Limited
AWCKOU,Alumina Limited
AWCKOX,Alumina Limited
AWJ,Auric Mining Limited
AWJO,AWJO
AWV,Anova Metals Limited
AX1,Accent Group Limited
AX8,Accelerate Resources Limited
AXE,Archer Exploration Ltd
AXI,Axiom Properties Ltd
AXP,Airxpanders Inc
AYA,Attila Resources Limited
AYI,A1 Investments & Resources Ltd
AYM,Altius Mining Limited
AYT,Adelaide Managed Funds Asset Trust
AYUHC,Australian Unity Limited
AYUHD,Australian Unity Limited
AYUPA,AYUPA
AZI,Alta Zinc Limited
AZJ,Aurizon Holdings Limited
AZJKOA,Aurizon Holdings Limited
AZJKOB,Aurizon Holdings Limited
AZJKOC,Aurizon Holdings Limited
AZJKOD,Aurizon Holdings Limited
AZJKOP,Aurizon Holdings Limited
AZJKOS,Aurizon Holdings Limited
AZJKOT,Aurizon Holdings Limited
AZL,Anzoil Nl
AZLO,AZLO
AZLOA,Arizona Lithium Limited
AZS,Azure Minerals Ltd
AZY,Antipa Minerals Limited
B4P,Beforepay Group Limited
BAP,Burson Group Limited
BAPKOB,Bapcor Limited
BAPKOR,Bapcor Limited
BAS,Bass Strait Oil Company Ltd
BASO,Bass Strait Oil Company Limited
BAT,Battery Minerals Limited
BATO,Battery Minerals Limited
BBC,Babcock & Brown Communities Group
BBL,Brisbane Broncos Ltd
BBN,Baby Bunting Group Limited
BBOZ,Betashares Australian Equities Strong
BBT,Bluebet Holdings Ltd
BBUS,Betashares U.s. Equities Strong Bear
BBX,BBX Holdings Ltd
BBXOA,Bbx Minerals Limited
BC8,Black Cat Syndicate Limited
BCA,Baycorp Advantage Ltd
BCB,Bowen Coking Coal Limited
BCC,Buccaneer Energy Ltd
BCI,BC Iron Ltd
BCK,Brockman Mining Limited
BCN,Beacon Minerals Ltd
BCT,Bluechiip Limited
BDG,Bendigo Mining Ltd
BDM,Biodiem Ltd
BDT,Birddog Technology Limited
BDX,Bcal Diagnostics Limited
BEAR,Betashares Australian Equities Bear
BEE,Broo Ltd
BEEO,BEEO
BEL,Bentley International Ltd
BEM,Blackearth Minerals Nl
BEN,Bendigo Bank Ltd
BENKOB,Bendigo And Adelaide Bank Limited
BENKOC,Bendigo And Adelaide Bank Limited
BENKOD,Bendigo And Adelaide Bank Limited
BENKOQ,Bendigo And Adelaide Bank Limited
BENKOT,Bendigo And Adelaide Bank Limited
BENPG,Bendigo And Adelaide Bank Limited
BENPH,BENPH
BET,Belmont Holdings Ltd
BEX,Bikeexchange Limited
BEZ,Besra Gold Inc
BFC,Beston Global Food Company Limited
BFG,Bell Financial Group Ltd
BFL,Bsp Financial Group Limited
BGA,Bega Cheese Limited
BGD,Boulder Steel Ltd
BGL,Bigair Group Ltd
BGP,Briscoe Group Australasia Limited
BGT,Bio-gene Technology Ltd
BHD,Benjamin Hornigold Limited
BHP,BHP Billiton Ltd
BHPKOC,Bhp Billiton Limited
BHPKOG,Bhp Billiton Limited
BHPKOH,Bhp Billiton Limited
BHPKOO,Bhp Billiton Limited
BHPKOR,Bhp Billiton Limited
BHPKOS,Bhp Billiton Limited
BHPKOT,Bhp Billiton Limited
BHPKOW,Bhp Billiton Limited
BHPKOZ,Bhp Billiton Limited
BHPMOP,Bhp Billiton Limited
BHYB,BHYB
BID,Bidenergy Limited
BILL,Ishares Core Cash
BIM,Bindi Metals Limited
BIO,Biome Australia Limited
BIQ,Buildingiq Inc
BIR,Burswood
BIS,
BIT,Biotron Ltd
BKG,Buka Gold Ltd
BKI,Brickworks Investment Company Ltd
BKL,Blackmores Laboratories Ltd
BKLKOA,Blackmores Limited
BKLKOB,Blackmores Limited
BKLKOP,Blackmores Limited
BKLKOQ,Blackmores Limited
BKT,Black Rock Mining Limited
BKW,Brickworks Ltd
BKWKOB,Brickworks Limited
BKWKOD,BKWKOD
BKY,Berkeley Resources Ltd
BLD,Boral Ltd
BLG,Blugass Ltd
BLGO,Bluglass Limited
BLU,Bluefreeway Ltd
BLX,Beacon Lighting Group Limited
BLY,Boart Longyear Ltd
BLYO,Boart Longyear Limited
BLZ,Blaze International Ltd
BLZOB,BLZOB
BME,Black Mountain Energy Ltd
BMG,Brazilian Metals Group Limited.
BMH,Baumart Holdings Limited
BML,Bank of Melbourne merger WBC
BMM,Bellamel Mining Ltd
BMN,Bannerman Resources Ltd
BMO,BMA Gold Ltd
BMR,Balmoral Corporation
BMT,Berkut Minerals Limited
BNKS,Betashares Global Banks Etf - Currency
BNL,Balkans Gold Ltd
BNO,Bionomics Ltd
BNR,Bulletin Resources Limited
BNRO,BNRO
BNZ,Benz Mining Corp.
BOA,Boadicea Resources Limited
BOAOA,BOAOA
BOC,Bougainville Copper Ltd (PNG)
BOD,bioMD Ltd
BOE,Boss Energy Ltd
BOL,Boom Logistics Ltd
BOND,Spdr S&p/asx Australian Bond Fund
BOQ,Bank of Queensland Ltd
BOQKOA,Bank Of Queensland Limited.
BOQKOB,Bank Of Queensland Limited.
BOQKOP,Bank Of Queensland Limited.
BOQKOR,Bank Of Queensland Limited.
BOQKOS,Bank Of Queensland Limited.
BOQPE,Bank Of Queensland Limited.
BOQPF,BOQPF
BOT,Botanix Pharmaceuticals Ltd
BPH,BioPharmica Ltd
BPM,Bpm Minerals Limited
BPMO,BPMO
BPMOA,Bpm Minerals Limited
BPP,Babylon Pump & Power Limited
BPT,Beach Petroleum Ltd
BPTKOA,Beach Energy Limited
BPTKOD,Beach Energy Limited
BPTKOE,Beach Energy Limited
BPTKOP,Beach Energy Limited
BPTKOR,Beach Energy Limited
BRB,Breaker Resources Nl
BRG,Breville Group Ltd
BRGKOB,Breville Group Limited
BRI,Breakwater Island Trust
BRK,BreakFree Ltd
BRL,Brl Hardy
BRN,Brainchip Holdings Ltd
BRU,Buru Energy Ltd
BRV,Big River Gold Ltd
BRX,Belararox Limited
BRXO,Belararox Limited
BSA,Broadcast Services Australia Ltd
BSAO,Bsa Limited
BSE,BSE
BSL,BlueScope Steel Ltd
BSLKOE,Bluescope Steel Limited
BSLKOP,Bluescope Steel Limited
BSLKOT,Bluescope Steel Limited
BSLKOU,Bluescope Steel Limited
BST,Barrack St Investments Limited
BSX,Blackstone Minerals Limited
BTC,BioTech Capital Ltd
BTE,BT Australian Equity Management
BTH,Bigtincan Holdings Limited
BTI,Bailador Technology Investments Limited
BTN,Brighton Mining Group Limited
BTR,Blackthorn Resources Ltd
BUB,Bubs Australia Limited
BUD,Buddy Platform Ltd
BUDOA,BUDOA
BUR,Burleson Energy Ltd
BUX,Buxton Resources Ltd
BUY,Bounty Oil & Gas NL
BVR,Bellavista Resources Ltd
BVS,Bravura Solutions Limited.
BWF,Blackwall Property Funds Limited
BWP,Bunnings Warehouse Property Trust
BWX,Bwx Limited
BXB,Brambles Ltd
BXBKOA,Brambles Limited
BXBKOB,Brambles Limited
BXBKOC,Brambles Limited
BXBKOP,Brambles Limited
BXBKOS,Brambles Limited
BXN,Bioxyne Limited
BYE,Byron Energy Limited
BYH,Bryah Resources Limited
BYHOA,BYHOA
BYI,Beyond International Ltd
C1X,Cosmos Exploration Limited
C29,C29 Metals Limited
C2FHA,C2FHA
C6C,Copper Mountain Mining Corporation
C79,Chrysos Corporation Limited
CAA,Capral Aluminium Ltd
CAD,Caeneus Minerals Ltd
CADOA,CADOA
CAE,Cannindah Resources Limited
CAF,Centrepoint Alliance Ltd
CAG,Cape Range Wireless Ltd
CAI,Casinos Austria International
CAJ,Capitol Health Ltd
CAM,Clime Capital Ltd
CAMG,Clime Capital Limited
CAN,Cann Group Limited
CAQ,Cell Aquaculture Ltd
CAR,Carsales.com Limited.
CARKOA,Carsales.com Limited.
CARKOB,Carsales.com Limited.
CARKOF,Carsales.com Limited.
CARKOP,Carsales.com Limited.
CARKOQ,Carsales.com Limited.
CAT,Catuity Inc (USA)
CAU,CollTech Australia Ltd
CAV,Carnavale Resources Ltd
CAY,Canyon Resources Ltd
CAZ,Cazaly Resources Ltd
CBA,Commonwealth Bank Ltd
CBAKOC,Commonwealth Bank Of Australia.
CBAKOD,Commonwealth Bank Of Australia.
CBAKOR,Commonwealth Bank Of Australia.
CBAKOW,Commonwealth Bank Of Australia.
CBAMOA,Commonwealth Bank Of Australia.
CBAMOB,Commonwealth Bank Of Australia.
CBAMOP,Commonwealth Bank Of Australia.
CBAMOQ,Commonwealth Bank Of Australia.
CBAPD,Commonwealth Bank Of Australia.
CBAPG,Commonwealth Bank Of Australia.
CBAPH,Commonwealth Bank Of Australia.
CBAPI,Commonwealth Bank Of Australia.
CBAPJ,CBAPJ
CBAPK,CBAPK
CBE,Cobre Limited
CBH,CBH Resources Ltd
CBL,Cbl Corporation Limited
CBO,Cobra Resources Nl
CBR,Constellation Brands Inc (US nCHESS)
CBY,Canterbury Resources Limited
CCA,Chimpchange Limited
CCE,Clinical Cell Culture Ltd
CCG,Commschoice Group Limited
CCP,Credit Corp Group Ltd
CCPKOA,Credit Corp Group Limited
CCPKOB,Credit Corp Group Limited
CCPKOD,Credit Corp Group Limited
CCR,Credit Clear Limited
CCV,Cash Converters International Ltd
CCX,City Chic Collective Limited
CCXKOA,City Chic Collective Limited
CCXKOB,City Chic Collective Limited
CCXKOC,City Chic Collective Limited
CCZ,Castillo Copper Limited
CCZO,CCZO
CCZOA,CCZOA
CD1,Cordish Dixon Private Equity Fund I
CD2,Cordish Dixon Private Equity Fund Ii
CD3,Cordish Dixon Private Equity Fund Iii
CDA,Codan Ltd
CDD,Cardno Ltd
CDM,Cadence Capital Ltd
CDO,Colorado Group Ltd
CDP,Carindale Property Trust
CDR,Commander Communications Ltd
CDT,Castle Minerals Ltd
CDTO,CDTO
CDTOA,CDTOA
CDX,CDS Technologies Ltd
CE1,Calima Energy Limited
CEL,CEL
CEN,Central Australian Phosphate Limited
CETF,Vaneck Vectors Chinaamc A-share?
CF1,Complii Fintech Solutions Ltd
CFO,Cfoam Limited
CG1,Carbonxt Group Limited
CG1O,CG1O
CGA,Contango Asset Management Limited
CGB,Cann Global Limited
CGC,Consolidated Gaming Corporation
CGCKOA,Costa Group Holdings Limited
CGCKOP,Costa Group Holdings Limited
CGCKOQ,Costa Group Holdings Limited
CGCKOR,Costa Group Holdings Limited
CGF,Challenger Financial Services Group
CGFKOB,Challenger Limited
CGFKOC,Challenger Limited
CGFKOP,Challenger Limited
CGFKOR,Challenger Limited
CGFKOS,Challenger Limited
CGFPB,Challenger Limited
CGFPC,CGFPC
CGN,Crater Gold Mining Limited
CGO,CPT Global Ltd
CGS,Cogstate Ltd
CHC,Charter Hall Group
CHCKOB,Charter Hall Group
CHCKOG,Charter Hall Group
CHCKOQ,Charter Hall Group
CHCKOS,CHCKOS
CHCKOT,Charter Hall Group
CHK,Cohiba Minerals Limited
CHL,CCI Holdings Ltd
CHM,Chameleon Mining NL
CHMO,CHMO
CHN,Chalice Gold Mines Ltd
CHNKOC,Chalice Mining Limited
CHR,Chalmers Ltd
CHZ,Chesser Resources Ltd
CI1,Credit Intelligence Ltd
CIA,Champion Iron Limited
CIAKOB,CIAKOB
CIAKOC,CIAKOC
CII,CI Resources Ltd
CIN,Carlton Investments Ltd
CINPA,Carlton Investments PA
CIO,Connected Io Limited
CIP,Centuria Industrial Reit
CIW,Clime Investment Management Ltd
CKA,Cokal Limited
CKF,Collins Foods Limited
CKFKOA,Collins Foods Limited
CL8,Collaborate Corporation Limited
CL8OB,CL8OB
CLA,Celsius Coal Limited
CLAO,Celsius Resources Limited
CLB,Creatable Media Ltd
CLBO,Candy Club Holdings Limited
CLE,Clearwater Group Ltd
CLG,Close The Loop Ltd.
CLH,Collection House Ltd
CLT,Cellnet Group Ltd
CLU,Cloncurry Metals Ltd
CLV,Clover Corporation Ltd
CLW,Charter Hall Long Wale Reit
CLX,CTI Logistics Ltd
CLZ,Classic Minerals Ltd
CLZOA,CLZOA
CM8,Crowd Mobile Limited
CMD,Cassius Mining Limited
CML,Coles Myer Ltd
CMM,Capricorn Metals Ltd
CMO,CommodiTel Ltd
CMP,Compumedics Ltd
CMW,Cromwell Corporation Ltd
CMWKOA,Cromwell Property Group
CMWKOB,Cromwell Property Group
CMWKOC,Cromwell Property Group
CMX,Climax Mining Ltd
CMXO,Chemx Materials Limited
CNB,Canberra Investment Corporation Ltd
CNEW,Vaneck Vectors China New Economy
CNI,Centuria Capital Limited
CNJ,Conico Ltd
CNJO,Conico Ltd
CNQ,Carbine Tungsten Limited
CNR,Coonawarra Australia Property Trust
CNU,Chorus Limited
CNW,Cirrus Networks Holdings Limited
COB,Cobalt Blue Holdings Limited
COD,Cossack Energy Limited
COE,Cooper Energy Ltd
COEKOA,Cooper Energy Limited
COF,Coffey International Ltd
COG,Consolidated Operations Group Limited
COH,Cochlear Ltd
COHKOG,Cochlear Limited
COHKOP,Cochlear Limited
COHKOR,Cochlear Limited
COI,Comet Ridge Ltd
COL,Coles Group Limited.
COLKOA,Coles Group Limited.
COLKOC,Coles Group Limited.
COLKOD,Coles Group Limited.
COLKOE,COLKOE
COLKOF,COLKOF
COO,Cosmos Ltd
CORE,Etfs Morningstar Global Technology
COS,Cool or Cosy Ltd
COY,Coppermoly Ltd
CPH,CPH Investment corp
CPHO,Creso Pharma Limited
CPHOA,CPHOA
CPM,Cooper Metals Limited
CPN,Carpathian Resources Ltd
CPO,Culpeo Minerals Limited
CPT,Capital Intelligence Ltd
CPTO,CPTO
CPTOD,Cipherpoint Limited
CPU,Computershare Ltd
CPUKOA,Computershare Limited.
CPUKOB,Computershare Limited.
CPUKOD,Computershare Limited.
CPUKOP,Computershare Limited.
CPUKOQ,Computershare Limited.
CPUKOS,Computershare Limited.
CPV,Clearvue Technologies Limited
CQE,Charter Hall Education Trust
CQR,Charter Hall Retail Reit
CR1,Constellation Resources Limited
CR9,Corella Resources Ltd
CRB,Carbine Resources Ltd
CRED,Betashares Australian Investment Grade
CRL,Comet Resources Ltd
CRM,Carbon Minerals NL (CRMCA)
CRN,Coronado Global Resources Inc.
CRR,Convenience Retail Reit
CRS,Croesus Mining NL
CRYP,CRYP
CSE,Copper Strike Ltd
CSF,Centro Shopping American Trust
CSL,CSL Ltd
CSLKOA,Csl Limited
CSLKOB,Csl Limited
CSLKOC,Csl Limited
CSLKOF,Csl Limited
CSLKOG,Csl Limited
CSLKOI,Csl Limited
CSLKOP,Csl Limited
CSLKOQ,Csl Limited
CSLKOV,Csl Limited
CSLKOW,Csl Limited
CSLMOT,Csl Limited
CSR,CSR Ltd
CSRKOD,Csr Limited
CSRKOQ,Csr Limited
CSRKOR,Csr Limited
CSS,Clean Seas Tuna Ltd
CST,Cellestis Ltd
CSX,Cleanspace Holdings Limited
CT1,Ccp Technologies Limited
CTD,Corporate Travel Management Limited
CTDKOC,Corporate Travel Management Limited
CTDKOQ,Corporate Travel Management Limited
CTE,Cryosite Ltd
CTM,Centaurus Metals Limited
CTO,Citigold Corporation Ltd
CTP,Central Petroleum Ltd
CTQ,Careteq Limited
CTT,Crest Minerals Limited
CTV,Colortv Limited
CU6,Clarity Pharmaceuticals Ltd
CUE,Cue Energy Resources Ltd
CUF,Cufe Ltd
CUFO,CUFO
CUL,Cullen Resources Ltd
CUP,Countplus Limited
CURE,Etfs S&p Biotech
CUS,Customers Ltd
CUV,Clinuvel Pharmaceuticals Ltd
CV1,Cv Check Ltd
CVC,CVC Ltd
CVCG,Cvc Limited
CVL,Clearview Capital
CVN,Carnarvon Petroleum Ltd
CVR,Central Asia Resources Ltd
CVV,Caravel Minerals Limited
CVW,Clearview Wealth Limited
CWL,Chant West Holdings Limited
CWP,Cedar Woods Properties Ltd
CWX,Carawine Resources Limited
CWY,Cleanaway Waste Management Limited
CWYKOC,Cleanaway Waste Management Limited
CWYKOF,Cleanaway Waste Management Limited
CWYKOP,Cleanaway Waste Management Limited
CWYKOQ,Cleanaway Waste Management Limited
CXL,Central Exchange Ltd
CXM,Centrex Mentals Ltd
CXO,Core Exploration Limited
CXU,
CXX,Cradle Resources Limited
CXZ,Connexion Media Limited
CY5,Cygnus Gold Limited
CYC,Cyclopharm Ltd
CYG,Coventry Group Ltd
CYL,Catalyst Metals Ltd
CYM,Cyprium Metals Limited
CYP,Cynata Therapeutics Limited
CYQ,Cycliq Group Ltd
CYQOA,CYQOA
CZL,Consolidated Zinc Limited
CZLOB,CZLOB
CZN,Corazon Mining Limited
CZR,Coziron Resources Ltd
D2O,Duxton Water Limited
DAF,Discovery Africa Limited
DAL,Dalaroo Metals Ltd
DBBF,DBBF
DBF,Duxton Broadacre Farms Limited
DBI,Dalrymple Bay Infrastructure Limited
DBO,Diablo Resources Limited
DC2,Dc Two Limited
DC2O,DC2O
DCC,Digital Cc Limited
DCG,Decmil Group Limited
DCL,Data & Commerce
DCN,Dacian Gold Limited
DCX,Discovex Resources Limited
DDB,Dynamic Drill And Blast Holdings Limited
DDD,3D Resources Ltd
DDH,Ddh1 Limited
DDR,Dicker Data Limited
DDT,DataDot Technology Ltd
DEG,De Grey Mining Ltd
DEL,Delorean Corporation Limited
DEM,De.mem Limited
DEV,Devex Resources Limited
DEX,Dexion Ltd
DGGF,DGGF
DGH,Desane Group Holdings Ltd
DGL,Dgl Group Limited
DGR,D'Aguilar Gold Ltd
DGRO,DGRO
DHG,Domain Holdings Australia Limited.
DHHF,DHHF
DHOF,DHOF
DJRE,Spdr??dow Jones??global Real Estate Fund
DJW,Djerriwarth Investments Ltd
DJXKOB,DJXKOB
DJXKOC,DJXKOC
DJXKOF,DJXKOF
DJXKOG,DJXKOG
DJXKOH,DJXKOH
DJXKOQ,Djia Mini E-cbot
DJXKOR,Djia Mini E-cbot
DJXKOV,DJXKOV
DJXKOY,DJXKOY
DJXMOL,DJXMOL
DJXMOQ,DJXMOQ
DKM,Duketon Mining Limited
DLM,Dominion Minerals Limited
DLT,Delta Drone International Limited
DM1,Directmoney Limited
DMC,Digimatic Group Limited
DME,Dome Gold Mines Limited
DMG,Dragon Gold Mountain Ltd
DMM,DMC Mining Ltd
DMMO,DMC Mining Ltd
DMP,Domino's Pizza Australia NZ Ltd
DMPKOA,Dominos Pizza Enterprises Limited
DMPKOB,Dominos Pizza Enterprises Limited
DMPKOQ,Dominos Pizza Enterprises Limited
DMPKOS,Dominos Pizza Enterprises Limited
DMPKOZ,DMPKOZ
DNA,Donaco International Limited
DNK,Danakali Limited
DOC,Doctor Care Anywhere Group Plc
DOR,Doriemus Plc
DORO,DORO
DOU,Douugh Limited
DOW,Downer EDI Ltd
DOWKOB,Downer Edi Limited
DOWKOC,Downer Edi Limited
DOWKOP,Downer Edi Limited
DOWKOR,Downer Edi Limited
DOWKOT,Downer Edi Limited
DRA,Dragon Mining NL
DRE,Dalrymple Resources Nl
DRM,Doray Minerals Limited
DRO,Droneshield Limited
DRR,Deterra Royalties Limited
DRRKOA,DRRKOA
DRRKOB,DRRKOB
DRRKOC,DRRKOC
DRUG,Betashares Global Healthcare Etf -
DRX,Diatreme Resources Ltd
DSE,Dropsuite Limited
DSK,Dusk Group Limited
DTC,Damstra Holdings Limited
DTI,Dti Group Ltd
DTL,Data#3 Ltd
DTM,Dart Mining NL
DTR,Dateline Resources Limited
DTZ,Dotz Nano Limited
DUB,Dubber Corporation Limited
DUG,Dug Technology Ltd
DUI,Diversified United Investment Ltd
DUN,Dundas Minerals Limited
DUNO,DUNO
DUR,Duratec Limited
DVL,Dorsavi Ltd
DVP,Develop Global Limited
DVR,Diverger Limited
DW8,Dawine Ltd
DW8O,Digital Wine Ventures Limited
DXB,Dimerix Limited
DXC,Dexus Convenience Retail Reit
DXI,Dexus Industria Reit.
DXN,The Data Exchange Network Limited
DXNOD,DXNOD
DXS,Dexus Property Group
DXSKOA,Dexus Property Group
DXSKOB,Dexus Property Group
DXSKOC,Dexus
DXSKOP,Dexus Property Group
DXSKOQ,Dexus Property Group
DXSKOR,Dexus Property Group
DYL,Deep Yellow Ltd
DZZF,DZZF
E200,E200
E25,Element 25 Limited
E2M,E2 Metals Limited
E33,East 33 Limited..
E79,E79 Gold Mines Limited
EAI,Ellerston Asian Investment Limited
EAX,Energy Action Limited
EBG,Eumundi Group Ltd
EBO,Ebos Group Limited
EBR,Eagle Bay Resources NL
ECF,Elanor Commercial Property Fund
ECG,Ecargo Holdings Limited
ECL,Excelsior Capital Ltd
ECP,E Corp
ECPGA,ECPGA
ECS,ECSI Ltd
ECSO,ECSO
ECT,Environmental Clean Technologies
ECTOE,ECTOE
ECX,Eclipx Group Limited
EDC,Eildon Capital Limited
EDE,Eden Energy Ltd
EDEO,Eden Energy Ltd
EDEOC,Eden Innovations Ltd
EDOC,EDOC
EDU,Edu Holdings Limited
EDV,Endeavour Group Limited
EDVKOA,EDVKOA
EDVKOB,EDVKOB
EEG,Empire Energy Group Limited
EEL,Envirostar Energy
EER,East Energy Resources Ltd
EEU,Betashares Euro Etf
EFE,Eastern Iron Ltd
EFEOA,EFEOA
EGG,Enero Group Limited
EGH,Eureka Group Holdings Limited
EGL,Environmental Group Ltd (The)
EGN,EGN
EGR,Ecograf Limited
EGY,Energy Technologies Limited
EGYO,EGYO
EHE,Estia Health Limited
EHEKOA,Estia Health Limited
EHEKOE,Estia Health Limited
EHEKOQ,Estia Health Limited
EHL,Emeco Holdings Ltd
EIGA,EIGA
EINC,EINC
EIQ,Echoiq Limited
EL8,Elevate Uranium Ltd
ELD,ELD
ELE,Elmore Ltd
ELO,Elmo Software Limited
ELS,Equity Long / Short Strategies Fund
ELSOA,ELSOA
ELT,Elementos Limited
EM1,Emerge Gaming Limited
EM2,Eagle Mountain Mining Limited
EMB,Embelton Ltd
EMD,Emerald Clinics Limited
EME,Energy Metals Ltd
EMH,European Metals Holdings Limited
EMKT,Vaneck Vectors Msci Multifactor Emerging
EML,Emerchants Limited
EMLKOB,Eml Payments Limited
EMLKOC,Eml Payments Limited
EMMG,EMMG
EMN,Euro Manganese Inc
EMP,Emperor Mines Ltd
EMR,Emerald Oil & Gas NL
EMS,Eastland Medical Systems Ltd
EMT,Emetals Limited
EMTO,Emetals Limited
EMU,EMU Nickel NL
EMUCA,Emu Nl
EMV,Emvision Medical Devices Limited
ENA,Ensurance Ltd
ENN,Elanor Investors Group
ENR,Encounter Resources Ltd
ENT,
ENV,Envestra Ltd
ENX,Enegex Nl
ENXOA,ENXOA
EOF,Ecofibre Limited
EOL,Energy One Ltd
EOS,Electro Optic Systems Holdings Ltd
EP1,E&p Financial Group Limited
EPM,Eclipse Metals Limited.
EPN,Epsilon Healthcare Limited
EPY,E-Pay Asia Ltd
EQE,Equus Mining Limited
EQN,Equinox Minerals Ltd (Canada CHESS)
EQR,Equinox Resources Nl
EQS,Equs
EQT,Equity Trustees Ltd
EQX,Eqitx Ltd
ERA,Energy Resources of Australia Ltd
ERD,Exalt Resources Limited
ERF,Elanor Retail Property Fund
ERG,ERG Ltd
ERL,Empire Resources Ltd
ERM,Emmerson Resources Ltd
ERTH,ERTH
ERW,Errawarra Resources Ltd
ERWO,ERWO
ESGI,Vaneck Vectors Msci International
ESK,Etherstack Plc
ESPO,ESPO
ESR,Estrella Resources Limited
ESROA,ESROA
ESS,Essa Australia Ltd
ESSO,ESSO
ESTX,Anz Etfs Euro Stoxx 50
ETHI,Betashares Global Sustainability Leaders
ETPMAG,Etfs Physical Silver
ETPMPD,Etfs Physical Palladium
ETPMPM,Etfs Physical Pm Basket
ETPMPT,Etfs Physical Platinum
EUR,Euraust Ltd
EUROA,EUROA
EUROB,European Lithium Limited
EV1,Evolution Energy Minerals Limited
EVE,Energy Ventures Ltd
EVN,Evolution Mining Limited
EVNKOP,Evolution Mining Limited
EVNKOQ,Evolution Mining Limited
EVO,Evolve Education Group Limited
EVR,Endeavour Mining Corporation
EVRO,EVRO
EVS,Envirosuite Limited
EVT,Event Hospitality And Entertainment Ltd
EVZ,Envirozel Ltd
EWC,Energy World Corporation Ltd
EX1,Exopharm Limited
EX20,Betashares Australian Ex-20 Portfolio
EXL,Excel Coal Ltd
EXP,Experience Co Limited
EXR,Elixir Petroleum Ltd
EYE,Eagle Eye Metals Ltd
EZL,Euroz Ltd
EZZ,Ezz Life Science Holdings Limited
F100,F100
FAIR,Betashares Australian Sustainability
FAL,Falcon Metals Ltd
FANG,FANG
FAR,First Australian Resources Ltd
FATP,FATP
FAU,First Au Limited
FAUOA,FAUOA
FBR,Fastbrick Robotics Ltd
FBU,Fletcher Building Ltd
FBUKOA,Fletcher Building Limited
FBUKOC,Fletcher Building Limited
FBUKOR,FBUKOR
FCL,Futuris Corporation Ltd
FCT,Firstwave Cloud Technology Limited
FDEM,FDEM
FDIV,Vaneck Vectors S&p/asx Franked Dividend
FDR,Federation Group Ltd
FDV,Frontier Digital Ventures Limited
FE8,Faster Enterprises Ltd
FEG,Far East Gold Ltd
FEX,Fenix Resources Ltd
FFC,Farmaforce Limited
FFF,First Folio Ltd
FFG,Fatfish Internet Group Ltd
FFGOA,FFGOA
FFI,FFI Holdings Ltd
FFT,Future Fibre Technologies Limited
FFX,Firefinch Limited
FG1,Flynn Gold Limited
FGG,Future Generation Global Investment
FGL,Foster's Group Ltd
FGLOA,FGLOA
FGR,First Graphite Limited
FGX,Future Generation Investment
FGXO,Future Generation Investment
FHE,Frontier Energy Limited
FHS,Freehill Mining Limited.
FID,Fiducian Group Limited
FIJ,Fiji Kava Limited
FIJO,FIJO
FIN,Aii S&p/asx 200 Financials
FLC,Fluence Corporation Limited
FLN,Freelancer Limited
FLOT,Vaneck Vectors Australian Floating Rate
FLT,Flight Centre Ltd
FLTKOB,Flight Centre Travel Group Limited
FLTKOC,Flight Centre Travel Group Limited
FLTKOQ,Flight Centre Travel Group Limited
FLTKOR,Flight Centre Travel Group Limited
FLX,Felix Resources Ltd
FME,Future Metals Nl
FMEO,Future Metals Nl
FMG,Fortescue Metals Group Ltd
FMGKOC,Fortescue Metals Group Ltd
FMGKOG,Fortescue Metals Group Ltd
FMGKOH,Fortescue Metals Group Ltd
FMGKOI,Fortescue Metals Group Ltd
FMGKOQ,Fortescue Metals Group Ltd
FMGKOR,Fortescue Metals Group Ltd
FMGKOX,Fortescue Metals Group Ltd
FMGKOY,Fortescue Metals Group Ltd
FMGKOZ,Fortescue Metals Group Ltd
FMGMOQ,Fortescue Metals Group Ltd
FMGMOR,Fortescue Metals Group Ltd
FML,Focus Minerals Ltd
FMS,Flinders Mines Ltd
FNX,Finexia Financial Group Limited
FOD,The Food Revolution Group Limited
FOOD,Betashares Global Agriculture Companies
FOR,Forager Australian Shares Fund
FOS,Fos Capital Ltd
FPC,Fat Prophets Global Contrarian Fund Ltd
FPH,Fisher & Paykel Healthcare Corp Ltd
FPHKOC,FPHKOC
FPHKOE,Fisher & Paykel Healthcare
FPP,Fat Prophets Global Property Fund
FRB,Firebird Metals Limited
FRE,Freshtel Holdings Ltd
FRI,Finbar International Ltd
FRM,Farm Pride Foods Ltd
FRS,Ferraus Ltd
FRX,Flexiroam Limited
FRXO,Flexiroam Limited
FSA,FSA Group Ltd
FSF,Fonterra Shareholders Fund
FSG,Field Solutions Holdings Limited
FSI,Flagship Investments Limited
FSIGA,FSIGA
FTC,Fintech Chain Limited
FTL,Firetail Resources Limited
FTZ,Fertoz Limited
FUEL,Betashares Global Energy Companies -
FUTR,FUTR
FWD,Fleetwood Corporation Ltd
FXEKOA,Currency Warrant Aud/eur
FXEKOB,Currency Warrant Aud/eur
FXEKOC,FXEKOC
FXEKOD,FXEKOD
FXEKOR,FXEKOR
FXEKOS,Currency Warrant Aud/eur
FXEKOT,FXEKOT
FXEKOV,FXEKOV
FXG,Felix Gold Limited
FXPKOB,FXPKOB
FXPKOC,FXPKOC
FXPKOD,FXPKOD
FXPKOF,FXPKOF
FXPKOG,FXPKOG
FXPKOQ,Currency Warrant Aud/gbp
FXPKOR,FXPKOR
FXPKOS,FXPKOS
FXPKOT,FXPKOT
FXPKOU,FXPKOU
FXPKOV,FXPKOV
FXUKOB,Currency Warrant Aus/usd.
FXUKOC,Currency Warrant Aus/usd.
FXUKOD,Currency Warrant Aus/usd.
FXUKOP,Currency Warrant Aus/usd.
FXUKOV,Currency Warrant Aus/usd.
FXUKOW,Currency Warrant Aus/usd.
FXUKOX,Currency Warrant Aus/usd.
FXUKOZ,Currency Warrant Aus/usd.
FXUMOE,FXUMOE
FXUMOW,FXUMOW
FXUQOP,FXUQOP
FXYKOC,FXYKOC
FXYKOD,FXYKOD
FXYKOE,FXYKOE
FXYKOF,FXYKOF
FXYKOG,FXYKOG
FXYKOP,Currency Warrant Aud/jpy
FXYKOQ,FXYKOQ
FXYKOR,FXYKOR
FXYKOU,FXYKOU
FXYKOV,FXYKOV
FXZKOA,FXZKOA
FXZKOB,FXZKOB
FXZKOD,FXZKOD
FXZKOE,FXZKOE
FXZKOF,FXZKOF
FXZKOP,Currency Warrant Aud/nzd
FXZKOQ,FXZKOQ
FXZKOR,FXZKOR
FXZKOS,FXZKOS
FXZKOU,FXZKOU
FYI,FYI
FZO,Family Zone Cyber Safety Limited
FZR,Fitzroy River Corporation Ltd
G1A,Galena Mining Limited
G50,Gold 50 Limited
G6M,Group 6 Metals Limited
G88,Golden Mile Resources Ltd
G88O,G88O
GAL,Galicia Energy Corporation Ltd
GAP,Gale Pacific Ltd
GAS,GasNet Australia Group
GBE,Globe Uranium Ltd
GBR,G Retail Ltd
GBZ,GBM Resources Ltd
GBZOB,GBZOB
GC1,Glennon Small Companies Limited
GC1PA,GC1PA
GCAP,GCAP
GCI,Gryphon Capital Income Trust
GCR,Golden Cross Resources Ltd
GCX,Golden China Resources Corporation
GCXO,Gcx Metals Limited
GCY,Gascoyne Resources Limited
GDA,Gondwana Resources Ltd
GDC,Global Data Centre Group
GDF,Garda Diversified Property Fund
GDG,Generation Development Group Limited
GDI,Gdi Property Group
GDX,Vaneck Vectors Gold Miners
GEAR,Betashares Geared Australian Equity
GED,Golden Deeps Ltd
GEDOB,GEDOB
GEM,G8 Education Limited
GEMKOB,G8 Education Limited
GEMKOC,G8 Education Limited
GEN,Genesis Research & Devlpmnt Corp Ltd
GES,Genesis Resources Limited
GFL,Global Masters Fund Ltd
GFLGA,GFLGA
GFN,Gefen International A.i. Ltd
GGE,Grand Gulf Energy Ltd
GGEO,Grand Gulf Energy Limited
GGG,Gold Company Ltd
GGUS,Betashares Geared U.s. Equity Fund -
GGX,Gas2Grid Ltd
GIB,Gibb River Diamonds Limited
GL1,Global Lithium Resources Limited
GLA,Gladiator Resources Ltd
GLB,Globe International Ltd
GLE,GLG Corp Ltd
GLH,Global Health Ltd
GLL,Galilee Energy Limited
GLLO,Galilee Energy Limited
GLN,Gleneagle Gold Ltd
GLOB,GLOB
GLV,Global Vanadium Limited
GLVO,GLVO
GMA,Genworth Mortgage Insurance
GMAKOC,Genworth Mortgage Insurance
GMD,Genesis Minerals Ltd
GME,GME Resources Ltd
GMG,Goodman Group
GMGKOQ,Goodman Group
GMGKOS,Goodman Group
GML,Gateway Mining NL
GMN,Gold Mountain Limited
GMNOA,GMNOA
GMNOB,GMNOB
GMR,Golden Rim Resoures Ltd
GNC,GrainCorp Ltd
GNCKOA,Graincorp Limited
GNCKOD,Graincorp Limited
GNCKOF,Graincorp Limited
GNE,Genesis Energy Limited
GNG,Gr Engineering Services Limited
GNM,Gujarat NRE Minerals Ltd
GNMOB,Great Northern Minerals Limited
GNMOF,GNMOF
GNP,Genusplus Group Ltd
GNX,Genex Power Limited
GO2,The Go2 People Ltd
GOAT,GOAT
GOLD,Etfs Physical Gold
GOR,Gold Road Resources Limited
GOVT,Spdr??s&p?/asx Australian Government
GOW,Gowing Bros Ltd
GOZ,Growthpoint Properties Australia
GPEQ,GPEQ
GPR,Geopacific Resources NL
GPS,Gps Alliance Holdings Limited
GPT,General Property Trust
GPTKOA,Gpt Group
GPTKOB,Gpt Group
GPTKOE,GPTKOE
GPTKOP,Gpt Group
GPTKOQ,Gpt Group
GPTKOR,Gpt Group
GQG,Gqg Partners Inc.
GRE,Greentech Metals Limited
GRL,Gawler Resources Ltd
GRR,Grange Resources Ltd
GRV,Greenvale Mining NL
GRX,Goodrich Resources Ltd
GSBG23,Australian Government Treasury Bonds
GSBG24,Australian Government Treasury Bonds
GSBG25,Australian Government Treasury Bonds
GSBG26,Australian Government Treasury Bonds
GSBG27,Australian Government Treasury Bonds
GSBG29,Australian Government Treasury Bonds
GSBG33,Australian Government Treasury Bonds
GSBG37,Australian Government Treasury Bonds
GSBK31,GSBK31
GSBK35,Australian Government Treasury Bonds
GSBK39,Australian Government Treasury Bonds
GSBK51,GSBK51
GSBQ26,GSBQ26
GSBU22,GSBU22
GSBU24,GSBU24
GSBU25,GSBU25
GSBU27,Australian Government Treasury Bonds
GSBU28,Australian Government Treasury Bonds
GSBU29,GSBU29
GSBU31,GSBU31
GSBU32,GSBU32
GSBU33,GSBU33
GSIC50,GSIC50
GSIO35,Australian Government Treasury Indexed
GSIO40,Australian Government Treasury Indexed
GSIQ25,Australian Government Treasury Indexed
GSIQ30,Australian Government Treasury Indexed
GSIU27,Australian Government Treasury Indexed
GSIU32,GSIU32
GSM,Golden State Mining Limited
GSN,Great Southern Mining Limited
GSNOA,Great Southern Mining Limited
GSR,Greenstone Resources Limited
GSS,Genetic Signatures Limited
GT1,Green Technology Metals Limited
GTE,Great Western Exploration Ltd
GTG,Genetic Technologies Ltd
GTI,Globe Securities Ltd
GTK,Gentrack Group Limited
GTN,GTN Resources Ltd
GTR,GTI Resources Ltd
GTRO,GTRO
GUD,GUD Holdings Ltd
GUL,Gullewa Ltd
GVF,Global Value Fund Limited
GW1,Greenwing Resources Ltd
GWA,Gwa Group Limited.
GWAKOB,Gwa Group Limited.
GWAKOQ,Gwa Group Limited.
GWR,Golden West Resources Ltd
GWROA,Golden West Resources Ltd
HACK,Betashares Global Cybersecurity
HAL,Halo Technologies Holdings Ltd
HAR,Haranga Resources Limited
HARO,HARO
HAS,Hastings Rare Metals Ltd
HAV,Havilah Resources NL
HAW,Hawthorn Resources Ltd
HCD,Huadu City Development Ltd
HCH,Hot Chili Limited
HCT,Holista Colltech Limited
HCW,Healthco Healthcare And Wellness Reit
HDN,Haddington Resources Ltd
HE8,Helios Energy Ltd
HETH,HETH
HEUR,Betashares Wisdomtree Europe (currency
HFR,Highfield Resources Limited
HFY,Hubify Limited
HGEN,HGEN
HGH,Heartland Group Holdings Limited
HGL,Hudson Investment Group Ltd
HGO,Hillgrove Resources Ltd
HGV,Hygrovest Limited
HHI,Health House International Limited
HHR,Hartshead Resources Nl
HHY,Hastings High Yield Fund
HIL,Hills Industries Ltd
HIO,Hawsons Iron Ltd
HIQ,Hitiq Limited
HIT,Hitech Group Australia Ltd
HJPN,Betashares Wisdomtree Japan (currency
HLA,Healthia Limited
HLF,Halo Food Co. Limited
HLO,Helloworld Limited
HLS,Hillcrest Litigation Services Ltd
HLSKOA,Healius Ltd
HLSKOB,Healius Limited
HLSKOC,Healius Ltd
HLSKOF,Healius Ltd
HLSKOQ,Healius Ltd
HLSKOR,Healius Ltd
HLSKOS,Healius Ltd
HLSKOT,Healius Ltd
HLTH,HLTH
HLX,Helix Resources Ltd
HM1,Hearts And Minds Investments Limited
HMC,Hydromet Corporation Ltd
HMD,Heramed Limited
HMG,Hamelin Gold Limited
HMI,Harvest Minerals Ltd
HMX,Hammer Metals Limited
HMY,Harmoney Corp Limited
HNDQ,HNDQ
HNG,HGL Ltd
HNR,Hannans Reward NL
HOR,Horseshoe Metals Limited
HPC,The Hydration Pharmaceuticals
HPG,Hipages Group Holdings Ltd
HPI,Hotel Property Investments
HPP,Health And Plant Protein Group Limited
HPR,High Peak Royalties Limited
HQLT,HQLT
HRE,Heavy Rare Earths Limited
HRL,Hot Rock
HRN,Horizon Gold Limited
HRZ,Horizon Energy Investment Group
HRZOB,Horizon Minerals Limited
HSC,Hudson Securities Corporation Ltd
HSN,Hansen Technologies Ltd
HT1,Ht&e Limited
HT8,Harris Technology Group Limited
HTA,Hutchison Telecommunications (Aust)
HTG,Harvest Technology Group Ltd
HTGO,HTGO
HUB,Hub24 Limited
HUBKOP,HUBKOP
HUBKOQ,HUBKOQ
HUM,Humanis Group Limited
HVM,Happy Valley Nutrition Limited
HVN,Harvey Norman Holdings Ltd
HVNKOE,Harvey Norman Holdings Limited
HVNKOP,Harvey Norman Holdings Limited
HVNKOQ,Harvey Norman Holdings Limited
HVNKOW,Harvey Norman Holdings Limited
HVST,Betashares Australian Dividend Harvester
HVY,Heavy Minerals Limited
HXG,Hexagon Resources Limited
HXL,Hexima Ltd
HYD,Hydrix Limited
HYDOA,HYDOA
HYGG,HYGG
HZN,Horizon Oil Ltd
HZR,Hazer Group Limited
IAA,Ishares Asia 50
IAF,Ishares Core Composite Bond
IAG,Insurance Australia Group Ltd
IAGKOD,Insurance Australia Group Limited
IAGKOP,Insurance Australia Group Limited
IAGKOQ,Insurance Australia Group Limited
IAGKOS,Insurance Australia Group Limited
IAGKOT,Insurance Australia Group Limited
IAGPD,Insurance Australia Group Limited
IAM,Intiger Group Limited
IBAL,IBAL
IBC,Ironbark Capital Ltd
IBG,Ironbark Gold Ltd
IBX,Imagion Biosystems Limited
IBXOA,IBXOA
ICE,ICE Corporation Ltd
ICG,Inca Minerals Limited
ICGOA,ICGOA
ICGOC,ICGOC
ICI,Icandy Interactive Limited
ICIOA,ICIOA
ICIOB,ICIOB
ICL,International Coal Holdings Limited
ICN,Icon Energy Ltd
ICNO,ICNO
ICOR,ICOR
ICR,Intelicare Holdings Limited
ICS,ICSGlobal Ltd
ICT,Incitec
ID8,Identitii Limited
IDA,Indiana Resources Limited
IDEA,IDEA
IDT,Institute of Drug Technology Aust
IDX,Indexshares Fund The
IEAT,IEAT
IEC,Intra Energy Corporation Limited
IEL,Idp Education Limited
IELKOC,IELKOC
IELKOD,Idp Education Limited
IEM,Ishares Msci Emerging Markets
IEQ,International Equities Corp Ltd
IESG,IESG
IEU,Ishares Europe
IFL,IOOF Holdings Ltd
IFLKOA,Ioof Holdings Limited
IFLKOD,Ioof Holdings Limited
IFLKOP,Ioof Holdings Limited
IFLKOQ,Ioof Holdings Limited
IFM,Infomedia Ltd
IFRA,Vaneck Vectors Ftse Global
IFT,Infratil Limited.
IG6,International Graphite Limited
IGB,Ishares Treasury
IGL,International Goldfields Ltd
IGN,Ignite Limited
IGO,Independence Group NL
IGOKOA,Independence Group Nl
IGOKOB,Independence Group Nl
IGOKOQ,Independence Group Nl
IGOKOR,Independence Group Nl
IGOKOS,Independence Group Nl
IGRO,IGRO
IHCB,Ishares Core Global Corporate Bond (aud
IHD,Ishares S&p/asx Dividend Opportunities
IHEB,Ishares J.p. Morgan Usd Emerging Markets
IHHY,Ishares Global High Yield Bond (aud
IHL,Impression Healthcare Limited
IHOO,Ishares Global 100 Aud Hedged
IHR,Intellihr Holdings Limited
IHVV,Ishares S&p 500 Aud Hedged
IHWL,Ishares Core Msci World All Cap (aud
IIGF,IIGF
IIQ,Inoviq Ltd
IIQO,IIQO
IJH,Ishares Core S&p Mid-cap
IJP,Ishares Msci Japan
IJR,Ishares Core S&p Small-cap
IKE,Ikegps Group Limited
IKO,Ishares Msci South Korea Capped
IKW,Ikwezi Mining Limited
ILA,Island Pharmaceuticals Limited
ILB,Ishares Government Inflation
ILC,Ishares S&p/asx 20
ILU,Iluka Resources Ltd
ILUKOH,Iluka Resources Limited
ILUKOQ,Iluka Resources Limited
ILUKOS,Iluka Resources Limited
ILUKOT,Iluka Resources Limited
ILUKOU,Iluka Resources Limited
IMA,Image Resources NL
IMB,Intelligent Monitoring Group Limited
IMC,
IMD,Imdex Ltd
IME,Imexhs Limited
IMI,IM Medical Ltd
IMM,Immutep Limited
IMPQ,IMPQ
IMR,Imricor Medical Systems Inc.
IMU,Imugene Ltd
IMUOC,Imugene Limited
IMUOD,IMUOD
INA,Ingenia Communities Group
INCM,Betashares Global Income Leaders
IND,Indus Energy Nl
INF,Infosentials
ING,Inghams Group Limited
INGKOB,Inghams Group Limited
INGKOD,INGKOD
INGKOP,Inghams Group Limited
INGKOQ,Inghams Group Limited
INGKOT,INGKOT
INIF,INIF
INL,Intec Ltd
INP,Innamincka Petroleum Ltd
INR,India Nre Minerals Ltd
INV,InvestorInfo Ltd
IOD,Iodm Limited
IOO,Ishares Global 100
IOU,Ioupay Limited
IOZ,Ishares Core S&p/asx 200
IPB,Ipb Petroleum Limited
IPC,Imperial Pacific Limited
IPD,Impedimed Ltd
IPG,Investa Property Group
IPH,Ipoh
IPHKOA,Iph Limited
IPHKOB,Iph Limited
IPHKOD,Iph Limited
IPL,Incitec Pivot Ltd
IPLKOB,Incitec Pivot Limited
IPLKOC,Incitec Pivot Limited
IPLKOE,Incitec Pivot Limited
IPLKOH,Incitec Pivot Limited
IPLKOP,Incitec Pivot Limited
IPLKOQ,Incitec Pivot Limited
IPLKOR,Incitec Pivot Limited
IPLKOT,Incitec Pivot Limited
IPLKOU,Incitec Pivot Limited
IPT,Impact Minerals Ltd
IPTOB,Impact Minerals Limited
IPX,Intrapower Ltd
IQ3,Iq3corp Limited
IR1,Iris Metals Limited
IRD,Iron Road Ltd
IRE,IRESS Market Technology Ltd
IREKOA,Iress Limited
IREKOQ,Iress Limited
IREKOR,Iress Limited
IRI,Integrated Research Ltd
IRX,Inhalerx Limited
IS3,I Synergy Group Limited
ISEC,Ishares Enhanced Cash
ISO,Ishares S&p/asx Small Ordinaries
ISU,Iselect Limited.
ITEK,ITEK
ITM,Itech Minerals Ltd
IVC,InvoCare Ltd
IVCKOB,Invocare Limited
IVCKOE,Invocare Limited
IVCKOP,Invocare Limited
IVCKOQ,Invocare Limited
IVCKOU,Invocare Limited
IVE,Ishares Msci Eafe
IVO,Invigor Group Limited
IVR,IVR
IVT,Inventis Ltd
IVV,Ishares Core S&p 500
IVX,Invion Limited
IVXO,IVXO
IVZ,Invictus Energy Ltd
IWLD,Ishares Core Msci World All Cap
IXC,Invex Therapeutics Ltd
IXI,Ishares Global Consumer Staples
IXJ,Ishares Global Healthcare
IXR,IMX Resoures NL
IXU,Ixup Limited
IZZ,Ishares China Large-cap
JAL,Jameson Resources Ltd
JAN,Janison Education Group Limited
JAT,
JATO,Jatoil Limited
JAV,Javelin Minerals Limited
JAVO,JAVO
JAY,Jayride Group Limited
JBH,JB Hi-Fi Ltd
JBHKOC,Jb Hi-fi Limited
JBHKOG,Jb Hi-fi Limited
JBHKOP,Jb Hi-fi Limited
JBHKOR,Jb Hi-fi Limited
JBHKOS,Jb Hi-fi Limited
JBHKOV,Jb Hi-fi Limited
JCS,Jcurve Solutions Ltd
JDO,Judo Capital Holdings Limited
JGH,Jade Gas Holdings Limited
JHG,Janus Henderson Group Plc
JHGKOC,JHGKOC
JHGKOE,JHGKOE
JHGKOR,Janus Henderson Group Plc
JHX,James Hardie Industries NV (CUFS)
JHXKOA,James Hardie Industries Se
JHXKOD,James Hardie Industries Plc
JHXKOQ,James Hardie Industries Se
JHXKOR,James Hardie Industries Se
JIN,JIN
JINKOR,JINKOR
JLG,Johns Lyng Group Limited
JMS,Jupiter Mines Ltd
JNO,Juno Minerals Limited
JPR,Jupiter Energy Ltd
JRL,Jindalee Resources Ltd
JRV,Jervois Mining Ltd
JTL,Jayex Technology Limited
JXT,Jaxsta Ltd
JYC,Joyce Corporation Ltd
JZRO,JZRO
K2F,K2fly Limited
KAI,Kairos Minerals Limited
KAL,Kalgoorlie-Boulder Resources Ltd
KAM,K2 Asset Management Holdings Ltd
KAR,Karoon Gas Australia Ltd
KARKOR,Karoon Gas Australia Limited
KARKOU,Karoon Gas Australia Limited
KARKOV,Karoon Gas Australia Limited
KAT,Katana Capital Ltd
KAU,Kaiser Reef Limited
KBC,Keybridge Capital Ltd
KCC,Kincora Copper Limited
KCN,Kingsgate Consolidated Ltd
KED,Keypath Education International Inc.
KEY,Key Petroleum Ltd
KFE,Kogi Iron Limited
KFM,Kingfisher Mining Ltd
KGD,Kula Gold Limited
KGL,Kentor Gold Ltd
KGM,Kalnorth Gold Mines Limited
KGN,Kogan.com Ltd
KIL,KFM Diversified Infrastructure &
KIN,Kin Mining Nl
KKC,Kkr Credit Income Fund
KKO,Kinetiko Energy Ltd
KLI,Killi Resources Limited
KLL,Kalium Lakes Limited
KLO,Kingsland Global Ltd
KLR,Kaili Resources Limited
KLS,Kanowna Lights Nl
KMD,Kathmandu Holdings Limited
KME,Kip McGrath Education Centres
KNB,Koonenberry Gold Limited
KNG,Kingsland Minerals Ltd
KNI,Kuniko Limited
KNM,Kneomedia Limited
KNO,Knosys Limited
KOB,Koba Resources Limited
KOR,Korab Resources Ltd
KOV,Korvest Ltd
KP2,Kore Potash Plc
KPG,Kelly Partners Group Holdings Limited
KPO,Kalina Power Limited
KPOOE,KPOOE
KRM,Kingsrose Mining Ltd
KRR,King River Resources Limited
KSC,K&S Corporation Ltd
KSL,Kina Securities Limited
KSM,Kingstream Steel
KSN,Kingston Resources Limited
KSS,Kleos Space S.a
KTA,Krakatoa Resources Limited
KTG,K-tig Limited
KWR,Kingwest Resources Limited
KYK,Kyckr Limited
KZA,Kazia Therapeutics Limited
KZR,Kalamazoo Resources Limited
LAM,Laramide Resources Ltd
LAU,Lindsay Australia Ltd
LAW,Lawfinance Limited
LBL,Laserbond Ltd
LBT,Labtech Systems Ltd
LBY,Liberty Gold NL
LCE,London City Equities Ltd
LCL,Lighting Corporation Ltd
LCT,Living Cell Technologies Ltd
LCTOA,LCTOA
LCY,Legacy Iron Ore Ltd
LDR,Lach Drummond Resources Ltd
LDRO,Lode Resources Ltd
LDX,Lumos Diagnostics Holdings Limited
LDXO,Lumos Diagnostics Holdings Limited
LEG,Legend Mining Ltd
LEL,Lion Equities
LER,LER
LEX,Lefroy Exploration Limited
LFG,Liberty Financial Group
LFS,Latitude Group Holdings Limited
LFSPA,LFSPA
LGL,Lihir Gold Ltd
LGM,Luiri Gold Limited
LGP,Little Green Pharma Ltd
LHM,Land & Homes Group Limited
LIC,Lifestyles Communities Ltd
LIN,Lindian Resources Ltd
LIO,Lion Energy Ltd
LIOO,Lion Energy Ltd
LIOOA,LIOOA
LIS,Li-s Energy Limited
LIT,Lithium Australia Nl
LITOA,LITOA
LKE,Lake Resources NL
LKO,Lakes Oil NL
LKY,Locksley Resources Limited
LLC,Lend Lease Corporation Ltd
LLCKOA,Lend Lease Group
LLCKOD,Lend Lease Group
LLCKOE,Lend Lease Group
LLCKOP,Lend Lease Group
LLCKOR,Lend Lease Group
LLCKOV,Lend Lease Group
LLL,Leo Lithium Limited
LLO,Lion One Metals Limited
LM8,Lunnon Metals Limited
LME,L&m Energy Limited
LMG,Latrobe Magnesium Ltd
LMGO,LMGO
LML,Lincoln Minerals Ltd
LNK,Link Administration Holdings Limited
LNKKOB,Link Administration Holdings Limited
LNKKOC,Link Administration Holdings Limited
LNKKOQ,Link Administration Holdings Limited
LNKKOR,LNKKOR
LNR,Lonestar Resources Limited
LNRO,Lanthanein Resources Ltd
LNU,Linius Technologies Limited
LNY,Laneway Resources Ltd
LNYOA,LNYOA
LOM,Lonrho Mining Ltd
LOT,Lotus Resources Limited
LOV,Lovisa Holdings Limited
LPD,Lepidico Ltd
LPDOD,LPDOD
LPE,Locality Planning Energy Holdings Ltd
LPEO,LPEO
LPI,Lithium Power International Limited
LPM,Loop Mobile Ltd
LRD,Lord Resources Limited
LRDO,Lord Resources Limited
LRK,Lark Distilling Co. Ltd
LRL,Leyshon Resources Ltd
LRS,Latin Resources Limited
LRSOC,LRSOC
LRT,Lowell Resources Fund
LRV,Larvotto Resources Limited
LRVO,LRVO
LSA,Lachlan Star Ltd
LSF,L1 Long Short Fund Limited
LSR,Lodestar Minerals Ltd
LSX,Lion Selection Group Limited.
LTR,Liontown Resources Ltd
LTRKOC,LTRKOC
LTRKOD,Liontown Resources Limited
LV1,Live Verdure Ltd
LVE,Love Group Global Ltd
LVH,Livehire Limited
LVT,Livetiles Limited
LYC,Lynas Corporation Ltd
LYCKOA,Lynas Corporation Limited
LYCKOB,Lynas Corporation Limited
LYCKOC,Lynas Corporation Limited
LYCKOD,Lynas Corporation Limited
LYCKOE,Lynas Corporation Limited
LYCKOP,Lynas Corporation Limited
LYCKOQ,Lynas Corporation Limited
LYCKOS,Lynas Corporation Limited
LYCKOT,Lynas Corporation Limited
LYK,Lykos Metals Limited
LYKO,LYKO
LYL,Lycopodium Ltd
LYN,Lycaon Resources Ltd
M24,Mamba Exploration Limited
M2M,Mt Malcolm Mines Nl
M2R,Miramar Resources Limited
M2RO,Miramar Resources Limited
M3M,M3 Mining Limited
M7T,Mach7 Technologies Limited
M8S,M8 Sustainable Limited
MAAT,MAAT
MAD,Maverick Drilling And
MAET,MAET
MAF,Ma Financial Group Limited
MAG,Magellan Petroleum Australia Ltd
MAH,Macmahon Holdings Ltd
MAM,Aii S&p/asx 300 Metals & Mining
MAN,Magna Mining Ltd
MAP,Macquarie Airports
MAQ,Macquarie Telecom Group Ltd
MAT,Matine Ltd t/over
MATO,MATO
MAU,Magnetic Resources NL
MAUCA,Magnetic Resources Nl
MAY,Mayne Group Ltd
MAYO,MAYO
MBH,Maggie Beer Holdings Ltd
MBK,Metal Bank Limited
MBKO,MBKO
MBLPC,MBLPC
MBLPD,MBLPD
MBX,mBox.com
MCA,Medica Holdings
MCCL,MCCL
MCE,Matrix Composites & Engineering Limited
MCGG,MCGG
MCL,M2M Corporation Ltd
MCM,Mc Mining Limited
MCP,McPhersons Ltd
MCR,Mincor Resources NL
MCT,Metalicity Limited
MCTOA,Metalicity Limited
MCX,Mariner Corporation Limited
MCY,Mighty River Power Limited.
MDC,McConnell Dowell Corporation
MDI,Middle Island Resources Limited
MDR,Medadvisor Limited
MDX,Mindax Ltd
MEA,Media Corporation Australia
MEB,Medibio Limited
MEBOC,MEBOC
MEC,Morphic Ethical Equities Fund Limited
MEG,MCM Entertainment Group Ltd
MEI,Meteoric Resources NL
MEIO,MEIO
MEK,Meeka Gold Limited
MEL,Metgasco Ltd
MELO,MELO
MELOB,MELOB
MEM,Memphasys Limited.
MEU,Maramota Energy Ltd
MEZ,Meridian Energy Limited
MFB,My Food Bag Group Limited
MFD,Mayfield Childcare Limited
MFF,Magellan Flagship Fund Ltd
MFFOA,MFFOA
MFG,Magellan Financial Group
MFGKOA,Magellan Financial Group Limited
MFGKOE,Magellan Financial Group Limited
MFGKOF,Magellan Financial Group Limited
MFGKOP,Magellan Financial Group Limited
MFGKOQ,Magellan Financial Group Limited
MFGKOR,Magellan Financial Group Limited
MFGO,MFGO
MGA,Metalsgrove Mining Ltd
MGF,Magellan Global Fund.
MGFO,MGFO
MGG,Magellan Global Trust
MGGOA,Mogul Games Group Ltd
MGH,Maas Group Holdings Limited
MGL,Magontec Limited
MGOC,MGOC
MGR,Mirvac Group
MGRKOA,Mirvac Group
MGRKOE,MGRKOE
MGRKOP,Mirvac Group
MGRKOQ,Mirvac Group
MGRKOR,Mirvac Group
MGT,Magnetite Mines Limited.
MGTOE,Magnetite Mines Limited.
MGU,Magnum Gold NL
MGUO,Magnum Mining And Exploration Limited
MGV,Musgrave Minerals Limited
MGX,Mount Gibson Iron Ltd
MGXKOJ,Mount Gibson Iron Limited
MHC,Manhattan Corporation Limited
MHCO,MHCO
MHG,Magellan Global Equities Fund (currency
MHHT,MHHT
MHI,Merchant House International Ltd
MHJ,Michael Hill International Limited
MHK,Metal Hawk Limited.
MI6,Minerals 260 Limited
MICH,MICH
MIH,Mnc Media Investment Ltd
MIL,Magnesium International Ltd
MIN,Mineral Resources Ltd
MINKOF,Mineral Resources Limited
MINKOP,Mineral Resources Limited
MINKOR,Mineral Resources Limited
MINKOT,Mineral Resources Limited
MIO,Miclyn Express Offshore Limited
MIR,Mirrabooka Investments Ltd
MKG,Mako Gold Limited
MKL,Mighty Kingdom Limited
MKR,Manuka Resources Ltd.
MLD,Maca Limited
MLG,Mlg Oz Limited
MLM,Metallica Minerals Ltd
MLMOB,MLMOB
MLS,Metals Australia Ltd
MLSOC,MLSOC
MLSOD,MLSOD
MLX,Metals X Ltd
MM1,Midas Minerals Ltd
MM8,Medallion Metals Limited.
MM8O,MM8O
MMA,MMC Contrarian Ltd
MMC,Marengo Mining Canada Limited
MME,MTM Entertainment Trust
MMG,Macquarie Media Group
MMI,Metro Mining Limited
MMM,Marley Spoon Ag
MMR,Mec Resources Ltd
MMS,McMillan Shakespeare Ltd
MMSKOB,Mcmillan Shakespeare Limited
MMSKOC,Mcmillan Shakespeare Limited
MNB,Minbos Resources Limited
MNBOA,MNBOA
MND,Monadelphous Group Ltd
MNDKOC,Monadelphous Group Limited
MNDKOD,Monadelphous Group Limited
MNDKOP,Monadelphous Group Limited
MNDKOQ,Monadelphous Group Limited
MNDKOT,Monadelphous Group Limited
MNRS,Global Gold Miners Etf - Currency Hedged
MNS,Milnes Holdings
MNY,Money3 Corporation Ltd
MOAT,Vaneck Vectors Morningstar Wide?moat
MOB,Mobile Innovations Ltd
MOGL,MOGL
MOH,Moho Resources Limited
MOHO,Moho Resources Limited
MONY,Ubs Iq Cash
MOQ,Montech Holdings Limited
MOT,Motopia Limited
MOV,Moore Australasia (holdings) Limited
MOZ,Mozambi Coal Limited
MOZG,MOZG
MP1,Megaport Limited
MP1KOC,MP1KOC
MPA,Marine Produce Australia Ltd
MPG,Macquarie Private Capital Group
MPL,Medibank Private Limited
MPLKOA,Medibank Private Limited
MPLKOE,Medibank Private Limited
MPLKOP,Medibank Private Limited
MPLKOQ,Medibank Private Limited
MPLKOS,Medibank Private Limited
MPP,Metro Performance Glass Limited
MPR,Macquarie ProLogis Trust
MPX,Mustera Property Group Limited
MQG,Macquarie Group Ltd
MQGKOB,Macquarie Group Limited
MQGKOC,Macquarie Group Limited
MQGKOG,Macquarie Group Limited
MQGKOI,Macquarie Group Limited
MQGKOP,Macquarie Group Limited
MQGKOU,Macquarie Group Limited
MQGKOV,Macquarie Group Limited
MQGKOW,Macquarie Group Limited
MQGKOX,Macquarie Group Limited
MQGMOA,Macquarie Group Limited
MQGMOB,Macquarie Group Limited
MQGPC,Macquarie Group Limited
MQGPD,Macquarie Group Limited
MQGPE,MQGPE
MQGPF,Macquarie Group Limited
MQR,Marquee Resources Limited
MR1,Montem Resources Limited.
MRC,Mineral Commodities Ltd
MRD,Mount Ridley Mines Limited
MRDOB,MRDOB
MRG,Murray River Organics Group Limited
MRI,MRI Holdings Ltd
MRL,Miller's Retail Ltd
MRM,Mermaid Marine Australia Ltd
MRQ,Mrg Metals Limited
MRQOC,MRQOC
MRR,Minrex Resources Nl
MRZ,Mirvac Real Estate Investment Trust
MSB,Mesoblast Ltd
MSBKOQ,Mesoblast Limited
MSBKOR,Mesoblast Limited
MSBKOS,Mesoblast Limited
MSG,Mcs Services Limited
MSI,Multistack International Ltd
MSL,Mcintosh Securities Ltd t/over
MSTR,MSTR
MSV,Mitchell Services Limited
MTB,Mount Burgess Mining NL
MTBO,MTBO
MTC,Metalstech Limited
MTH,Mithril Resources Ltd
MTM,Mareterram Limited
MTMO,MTMO
MTO,Moto Goldmines Ltd
MTR,Meditech Research Ltd
MTS,Metcash Ltd
MTSKOB,Metcash Limited
MTSKOC,Metcash Limited
MTSKOE,Metcash Limited
MTSKOP,Metcash Limited
MTSKOQ,Metcash Limited
MTSKOR,Metcash Limited
MVA,Vaneck Vectors Australian?property
MVB,Vaneck Vectors Australian Banks
MVE,Vaneck Vectors S&p/asx Midcap
MVF,Monash Ivf Group Limited
MVL,Microview Ltd
MVOL,Ishares Edge Msci Australia Minimum
MVP,Medical Developments International
MVPO,Medical Developments
MVR,Vaneck Vectors Australian Resources
MVS,Vaneck Vectors Small Cap Dividend?payers
MVTHA,Mercantile Investment Company Ltd
MVW,Vaneck Vectors Australian Equal Weight
MWY,Midway Limited
MX1,Micro-x Limited
MXC,Mgc Pharmaceuticals Ltd
MXI,MaxiTRA Industries Ltd
MXO,Matrix Oil
MXOOA,MXOOA
MXR,Maximus Resources Ltd
MXROE,MXROE
MXT,Mcp Master Income Trust
MYD,Mydeal.com.au Limited
MYE,Mastermyne Group Limited
MYG,Mutiny Gold Ltd
MYR,Myer Holdings Limited
MYS,Mystate Limited
MYX,MYX
MZZ,Matador Mining Limited
N1H,N1 Holdings Limited
NAB,National Australia Bank Ltd
NABKOB,National Australia Bank Limited
NABKOE,National Australia Bank Limited
NABKOJ,National Australia Bank Limited
NABKOK,National Australia Bank Limited
NABKOL,National Australia Bank Limited
NABKOQ,National Australia Bank Limited
NABKOS,National Australia Bank Limited
NABKOT,National Australia Bank Limited
NABKOU,National Australia Bank Limited
NABKOW,National Australia Bank Limited
NABKOX,National Australia Bank Limited
NABKOZ,National Australia Bank Limited
NABMOD,NABMOD
NABMOP,National Australia Bank Limited
NABPD,National Australia Bank Limited
NABPE,National Australia Bank Limited
NABPF,National Australia Bank Limited
NABPH,NABPH
NABPI,National Australia Bank Limited
NAC,Naos Absolute Opportunities
NACGA,NACGA
NACOA,NACOA
NAE,New Age Exploration Ltd
NAEO,New Age Exploration Limited
NAG,
NAM,Namoi Cotton Co-operative Ltd
NAN,Nanosonics Ltd
NANKOA,Nanosonics Limited
NBI,Nb Global Corporate Income Trust
NC1,Nico Resources Limited
NC6,Nanollose Limited
NC6OA,NC6OA
NCC,Naos Emerging Opportunities
NCCGA,NCCGA
NCK,Nick Scali Ltd
NCL,Netccentric Limited
NCM,Newcrest Mining Ltd
NCMKOA,Newcrest Mining Limited
NCMKOG,Newcrest Mining Limited
NCMKOH,Newcrest Mining Limited
NCMKOP,Newcrest Mining Limited
NCMKOQ,Newcrest Mining Limited
NCMKOR,Newcrest Mining Limited
NCMKOU,Newcrest Mining Limited
NCMKOV,Newcrest Mining Limited
NCMKOW,Newcrest Mining Limited
NCMKOX,Newcrest Mining Limited
NCMMOP,Newcrest Mining Limited
NCR,Nucoal Resources Nl
NCZ,New Century Resources Limited
NDIA,NDIA
NDQ,Betashares Nasdaq 100
NDXKOB,Nasdaq 100 E-mini
NDXKOC,NDXKOC
NDXKOD,NDXKOD
NDXKOE,NDXKOE
NDXKOF,NDXKOF
NDXKOG,NDXKOG
NDXKOI,NDXKOI
NDXKOJ,NDXKOJ
NDXKOK,NDXKOK
NDXKOP,Nasdaq 100 E-mini
NDXKOQ,Nasdaq 100 E-mini
NDXKOR,Nasdaq 100 E-mini
NDXKOS,Nasdaq 100 E-mini
NDXKOT,Nasdaq 100 E-mini
NDXKOV,NDXKOV
NDXKOX,NDXKOX
NDXKOY,NDXKOY
NDXKOZ,NDXKOZ
NEA,Nearmap Ltd
NEAKOD,Nearmap Ltd
NEAKOQ,NEAKOQ
NEC,Nine Entertainment Co Holdings Ltd
NECKOA,Nine Entertainment Co. Holdings Limited
NECKOB,Nine Entertainment Co. Holdings Limited
NECKOC,Nine Entertainment Co. Holdings Limited
NECKOD,Nine Entertainment Co. Holdings Limited
NECKOQ,Nine Entertainment Co. Holdings Limited
NECKOS,Nine Entertainment Co. Holdings Limited
NES,Nelson Resources Limited.
NESO,Nelson Resources Limited.
NET,Netlinkz Limited
NEU,Neuren Pharmaceuticals Ltd
NEW,New Energy Solar
NFL,Natural Fuel Ltd
NFNG,NFNG
NGE,New Guinea Energy Ltd
NGI,Navigator Global Investments Limited
NGS,Nutritional Growth Solutions Ltd
NGSO,NGSO
NGY,Nuenergy Capital Ltd
NHC,New Hope Corporation Ltd
NHE,New Horizon Energy Ltd
NHF,Nib Holdings Ltd
NHFKOA,Nib Holdings Limited
NHFKOC,Nib Holdings Limited
NHFKOE,NHFKOE
NHFKOF,NHFKOF
NHFKOP,Nib Holdings Limited
NHFKOQ,Nib Holdings Limited
NHFKOR,Nib Holdings Limited
NI2KOC,NI2KOC
NI2KOF,NI2KOF
NI2KOP,NI2KOP
NI2KOR,NI2KOR
NI2KOT,NI2KOT
NI2KOU,NI2KOU
NI2KOV,NI2KOV
NI2KOY,NI2KOY
NI2KOZ,NI2KOZ
NIC,Nickel Mines Limited
NICKOB,NICKOB
NICKOC,NICKOC
NICKOD,NICKOD
NIM,Nimy Resources Limited
NIS,Nickelsearch Limited
NKL,Nickel Australia Ltd
NME,Nex Metals Exploration Ltd
NML,Navarre Minerals Limited
NMR,Nimrodel Resources Ltd
NMT,Neometals Ltd
NNG,Northern Gold NL
NNL,Nordic Nickel Limited
NNUK,NNUK
NOL,National 1
NOR,Norwood Systems Limited
NOU,Noumi Limited
NOUO,NOUO
NOV,Novatti Group Limited
NOX,Noxopharm Limited
NOXO,NOXO
NOXOA,NOXOA
NPM,Newpeak Metals Limited
NPMO,NPMO
NPR,Newmark Property Reit
NRX,Noronex Limited
NRZ,Neurizer Ltd
NRZOA,NRZOA
NSB,Neuroscientific Biopharmaceuticals Ltd
NSC,Naos Small Cap Opportunities
NSCOA,NSCOA
NSE,New Standard Energy Ltd
NSM,North Stawell Minerals Ltd
NSR,National Storage Reit
NSRKOA,National Storage Reit
NSRKOB,National Storage Reit
NST,Northern Star Resources Ltd
NSTKOA,Northern Star Resources Ltd
NSTKOD,Northern Star Resources Ltd
NSTKOE,Northern Star Resources Ltd
NSTKOP,Northern Star Resources Ltd
NSTKOQ,Northern Star Resources Ltd
NSTKOS,Northern Star Resources Ltd
NSX,X Ltd
NTD,National Tyre & Wheel Limited
NTI,Neurotech International Limited
NTL,New Talisman Gold Mines Limited
NTLOB,New Talisman Gold Mines Limited
NTM,Northern Manganese Limited
NTO,Nitro Software Limited
NTU,Northen Uranium Ltd
NUC,Nuchev Limited
NUF,NuFarm Ltd
NUFKOA,Nufarm Limited
NUFKOB,Nufarm Limited
NUFKOC,Nufarm Limited
NUFKOP,Nufarm Limited
NUFKOS,Nufarm Limited
NUH,Nuheara Limited
NVA,Nova Minerals Limited
NVU,Nanoveu Limited
NVX,Novonix Limited
NVXKOE,Novonix Limited
NWC,New World Cobalt Limited
NWE,Norwest Energy NL
NWF,Newfield Resources Limited
NWH,NRW Holdings Ltd
NWHKOB,Nrw Holdings Limited
NWHKOC,Nrw Holdings Limited
NWL,New Tel
NWLKOP,Netwealth Group Limited
NWLKOR,NWLKOR
NWM,Norwest Minerals Limited
NWMO,NWMO
NWS,News Corporation
NWSLV,NEWS CORP-PREFD
NXG,Nexgen Energy (canada) Ltd
NXL,Nuix Limited
NXM,Nexus Minerals Limited
NXS,Nexus Energy Ltd
NXT,Nextdc Limited
NXTKOB,Nextdc Limited
NXTKOE,Nextdc Limited
NXTKOF,Nextdc Limited
NXTKOQ,NXTKOQ
NXTKOR,Nextdc Limited
NYM,Narryer Metals Limited
NYR,Nyrada Inc.
NZK,New Zealand King Salmon
NZM,Nzme Limited
NZO,New Zealand Oil & Gas Ltd
NZS,New Zealand Coastal Seafoods Limited
NZSOB,New Zealand Coastal Seafoods Limited
OAK,Oaks Hotels & Resorts Ltd
OAR,Oakdale Resources Limited
OAU,Ora Gold Limited
OBL,Oil Basins Ltd
OBM,Ora Banda Mining Ltd
OCA,Oil Company Of Australia
OCC,Orthocell Limited
OCL,Objective Corporation Ltd
OCN,Oceana Lithium Limited
OCT,Octava Minerals Limited
OD6,Od6 Metals Limited
ODA,Orcoda Limited
ODE,Odessa Minerals Limited
ODM,Odin Metals Limited
ODY,Odyssey Energy Ltd
OEC,Orbital Corporation Ltd
OEL,Ottoman Energy Ltd
OEQ,Orion Equities Ltd
OFX,Ozforex Group Limited
OFXKOA,Ozforex Group Limited
OFXKOQ,Ozforex Group Limited
OFXKOR,Ozforex Group Limited
OGC,Oceanagold Corporation
OIL,Optiscan Imaging Ltd
OKJ,Oakajee Corporation Ltd
OKR,Okapi Resources Limited
OKRO,OKRO
OKU,Oklo Uranium Ltd
OLH,Oldfields Holdings Ltd
OLI,Olivers Real Food Limited
OLL,Openlearning Limited
OLY,Olympia Resources Ltd
OM1,Omnia Metals Group Ltd
OMH,OM Holdings Ltd
OML,Ooh!media Limited
OMLKOA,Ooh!media Limited
OMX,Ormil Energy Limited
ONE,Oneview Healthcare Plc
OOK,Ookami Limited
OOKOB,Ookami Limited
OOO,Betashares Crude Oil Index Etf -
OPH,Ophir High Conviction Fund
OPL,Orchard Petroleum Ltd
OPN,Opendna Limited
OPT,Opthea Limited
OPY,Openpay Group Ltd
ORA,Orora Limited
ORAKOA,Orora Limited
ORAKOC,Orora Limited
ORAKOP,Orora Limited
ORAKOQ,Orora Limited
ORG,Origin Energy Ltd
ORGKOA,Origin Energy Limited
ORGKOB,Origin Energy Limited
ORGKOC,Origin Energy Limited
ORGKOP,Origin Energy Limited
ORGKOQ,Origin Energy Limited
ORGKOS,Origin Energy Limited
ORI,Orica Ltd
ORIKOA,Orica Limited
ORIKOB,Orica Limited
ORIKOC,Orica Limited
ORIKOR,Orica Limited
ORIKOT,Orica Limited
ORM,Orion Metals Limited
ORN,ORN
ORR,Orecorp Limited
OSL,Oncosil Medical Ltd
OSM,Osmond Resources Limited
OSP,Osprey Medical Inc
OSX,Osteopore Limited
OVN,Oventus Medical Limited
OVT,Ovato Limited
OXT,Orexplore Technologies Limited
OXX,Octanex N.l.
OZF,Spdr??s&p?/asx 200 Financials Ex A-reit
OZL,OZ Minerals
OZLKOS,Oz Minerals Limited
OZM,Ozaurum Resources Limited
OZR,Spdr??s&p?/asx 200 Resources Fund
OZZ,Ozz Resources Limited
OZZO,OZZO
PAA,PharmAust Ltd
PAAO,Pharmaust Limited
PAB,Patrys Ltd
PABO,PABO
PABOA,PABOA
PAC,Pacsoft Ltd
PAI,Platinum Asia Investments Limited
PAM,Pan Asia Metals Limited
PAN,Panoramic Resources Ltd
PAR,Paradigm Biopharmaceuticals Limited..
PBH,Pointsbet Holdings Limited
PBHO,PBHO
PBL,Publishing & Broadcasting Ltd
PBP,Probiotec Ltd
PCG,PCH Group Ltd
PCI,Perpetual Credit Income Trust
PCK,Painchek Ltd
PCL,Pancontinental Oil & Gas NL
PCLO,Pancontinental Energy Nl
PDI,Predictive Discovery Limited
PDIOA,Predictive Discovery Limited
PDL,Petra Diamonds Ltd
PDLKOD,PDLKOD
PDN,Paladin Resources Ltd
PDNKOB,Paladin Energy Ltd
PDNKOC,Paladin Energy Ltd
PDNKOP,Paladin Energy Ltd
PE1,Pengana Private Equity Trust
PEB,Pacific Edge Limited
PEC,Perpetual Resources Limited
PEK,Peak Resources Ltd
PEN,Peninsula Minerals Ltd
PET,Peters MacGregor Investments Ltd
PEX,Peel Exploration Ltd
PF1,Pathfinder Resources Ltd
PFE,Pantera Minerals Limited
PFEOA,Pantera Minerals Limited
PFG,Prime Financial Group Ltd
PFP,WC Penfold
PFT,Pure Foods Tasmania Limited
PG1,Pearl Global Limited
PGC,Paragon Care Ltd
PGD,Peregrine Gold Ltd
PGDO,PGDO
PGF,Pm Capital Global Opportunities
PGG,Partners Group Global Income Fund
PGH,Pact Group Holdings Ltd
PGL,Progen Industries Ltd
PGM,Platina Resources Ltd
PGO,Primary Gold Limited
PGY,Pilot Energy Limited
PH2,Pure Hydrogen Corporation Limited
PHL,Pearl Healthcare Ltd
PHO,Phoneware
PIA,Prudential Investment Company Of
PIC,Perpetual Equity Investment
PICOA,PICOA
PIL,Pilbara Mines NL.
PILO,PILO
PIM,Prime Minerals Ltd
PIMO,Prime Minerals Ltd
PIQ,Proteomics International Laboratories
PKD,Parkd Ltd
PKO,Peak Oil & Gas Limited
PL8,Plato Income Maximiser Limited.
PLG,Propertylink Group
PLL,Poltech International
PLS,Pilbara Minerals Limited
PLSKOA,PLSKOA
PLSKOC,PLSKOC
PLSKOS,PLSKOS
PLT,Polartechnics Ltd
PLUS,Vaneck Vectors Australian Corporate Bond
PLY,Polymetals Mining Limited
PMC,Platinum Capital Ltd
PME,Pro Medicus Ltd
PMEKOA,Pro Medicus Limited
PMEKOB,Pro Medicus Limited
PMEKOE,Pro Medicus Limited
PMGOLD,Perth Mint Gold
PMV,Premier Investments Ltd
PMVKOA,Premier Investments Limited
PMVKOB,Premier Investments Limited
PMVKOP,Premier Investments Limited
PMVKOQ,Premier Investments Limited
PMVKOR,Premier Investments Limited
PNC,Pioneer Credit Limited
PNCO,Pioneer Credit Limited
PNI,Pinnacle Investment Management Group Ltd
PNM,Pacific Nickel Mines Limited
PNN,PeppinNini Minerals Ltd
PNR,Pacific Niugini Minerals Ltd
PNT,Panther Metals Ltd
PNV,Polynovo Limited
PNX,Phoenix Copper Ltd
PO3,Purifloh Limited
POD,Podium Minerals Limited
POL,Polaris Metals NL
POS,Poseidon Nickel Ltd
POU,Betashares British Pound
POW,Protean Wave Energy Ltd
PPC,Peet & Company Ltd
PPCHB,Peet Limited
PPE,People Infrastructure Ltd
PPG,Pro-Pac Packaging Ltd
PPH,Pan Pharmaceuticals
PPK,Plaspak Group Ltd
PPL,Park Plaza Kemayan
PPM,Primero Mining Corp.
PPS,Praemium Ltd
PPT,Perpetual Trustees Australia Ltd
PPTKOC,Perpetual Limited
PPTKOD,Perpetual Limited
PPTKOU,PPTKOU
PPY,Papyrus Australia Ltd
PR1,Pure Resources Limited
PRL,Petrel Energy Limited
PRM,Plenty River Mining Corporation Ltd
PRMOB,PRMOB
PRN,Pelsart Resources Nl
PRNKOC,Perenti Global Limited
PRO,Prophecy International Holdings Ltd
PRS,Prospech Limited.
PRT,Prime Television Ltd
PRU,Perseus Mining Ltd
PRUKOB,Perseus Mining Limited
PRUKOD,Perseus Mining Limited
PRX,Prime Retail Group unit/ord
PRXR,Prodigy Gold Nl
PSC,Prospect Resources Limited
PSI,Pacific Strategic Investments Ltd
PSL,Panaseer
PSLOD,PSLOD
PSQ,Pacific Smiles Group Limited
PTB,PTB Group Ltd
PTG,Proptech Group Limited
PTL,Pental Limited
PTM,Platinum Asset Management Ltd
PTMKOA,Platinum Asset Management Limited
PTMKOC,Platinum Asset Management Limited
PTMKOP,Platinum Asset Management Limited
PTMKOS,Platinum Asset Management Limited
PTR,Petratherm Ltd
PTX,Prescient Therapeutics Limited
PTXOC,Prescient Therapeutics Limited
PUA,Pure Alumina Limited
PUAOD,PUAOD
PUR,Purus Energy Ltd
PV1,Provaris Energy Ltd
PV1OA,Provaris Energy Ltd
PVE,Po Valley Energy Ltd
PVL,Powerhouse Ventures Limited
PVLO,PVLO
PVS,Pivotal Systems Corporation Inc.
PVW,Pvw Resources Limited
PWH,Pwr Holdings Limited
PWN,Potash West Nl
PWR,Powerlan Ltd
PX1,Plexure Group Limited
PXA,Pexa Group Limited
PXS,Pharmaxis Ltd
PXX,Polarx Limited
PXXO,PXXO
PYC,Phylogica Ltd
PYG,Paygroup Limited
PYR,Payright Limited
QAL,Qualitas Limited
QAN,Qantas Airways Ltd
QANKOA,Qantas Airways Limited
QANKOE,Qantas Airways Limited
QANKOF,Qantas Airways Limited
QANKOG,Qantas Airways Limited
QANKOP,Qantas Airways Limited
QANKOR,Qantas Airways Limited
QANKOT,Qantas Airways Limited
QANKOV,Qantas Airways Limited
QAU,Betashares Gold Bullion Etf - Currency
QBE,QBE Insurance Group Ltd
QBEKOA,Qbe Insurance Group Limited
QBEKOB,Qbe Insurance Group Limited
QBEKOE,Qbe Insurance Group Limited
QBEKOF,Qbe Insurance Group Limited
QBEKOP,Qbe Insurance Group Limited
QBEKOQ,Qbe Insurance Group Limited
QBEKOR,Qbe Insurance Group Limited
QBEKOS,Qbe Insurance Group Limited
QBEKOT,Qbe Insurance Group Limited
QEM,Qem Limited
QFE,Quickfee Limited
QFN,Betashares S&p/asx 200 Financials Sector
QGL,Quantum Graphite Limited
QHAL,Vaneck Vectors Msci World Ex-australia
QHL,Quickstep Holdings Ltd
QIP,Qantm Intellectual Property Limited
QLTY,Betashares Global Quality Leaders
QMIX,Spdr??msci World Quality Mix Fund
QML,QMastor Ltd
QOZ,Betashares Ftse Rafi Australia 200
QPM,Queensland Pacific Metals Limited
QPON,Betashares Australian Bank Senior
QRE,Betashares S&p/asx 200 Resources Sector
QRI,Qualitas Real Estate Income Fund
QSML,QSML
QUAL,Vaneck Vectors Msci World Ex-australia
QUB,Qube Logistics
QUBHA,Qube Holdings Limited
QUBKOA,Qube Holdings Limited
QUBKOB,Qube Holdings Limited
QUE,Queste Communications Ltd
QUS,Betashares Ftse Rafi U.s. 1000?
QVE,Qv Equities Limited
QXR,Qx Resources Limited
R3D,Redchip International Limited
R8R,Regener8 Resources Nl
RAC,Reinsurance Australia Corporation
RAD,Radar Iron Limited
RAG,Ragnar Metals Limited
RAGOC,RAGOC
RAN,Range International Limited
RAP,Resapp Health Limited
RARI,Russell Australian Responsible
RAS,Ragusa Minerals Ltd
RB6,Rubix Resources Limited
RB6O,Rubix Resources Limited
RBD,Restaurant Brands New Zealand Limited
RBL,Rib Loc Group
RBLKOD,RBLKOD
RBR,Rubicon Resources Ltd
RBTZ,Betashares Global Robotics And
RBX,Resources Base Ltd
RC1,Redcastle Resources Limited
RC1O,RC1O
RCAP,RCAP
RCB,Russell Australian Select Corporate Bond
RCE,Recce Limited
RCL,Repco Corporation Ltd
RCR,RCR Tomlinson Ltd
RCT,Reef Casino Trust
RCW,Rightcrowd Limited
RD1,Registry Direct Limited
RDG,Resource Development Group Limited
RDM,Red Metal Ltd
RDN,Raiden Resources Limited
RDNO,RDNO
RDS,Redstone Resources Ltd
RDT,Red Dirt Metals Limited
RDV,Russell High Dividend Australian Shares
RDY,Readytech Holdings Limited
REA,realestate.com.au Ltd
REAKOA,Rea Group Ltd
REAKOF,Rea Group Ltd
REAKOP,Rea Group Ltd
REAKOR,Rea Group Ltd
REC,Recall Holdings Limited
RED,Red 5 Ltd
REE,Rarex Limited
REG,RG Capital Radio
REGKOA,Regis Healthcare Limited
REGKOB,Regis Healthcare Limited
REH,Reece Australia Ltd
REHKOB,REHKOB
REIT,REIT
REM,Reliance Mining Ltd
REP,Ram Essential Services Property Fund
REX,Regional Express Holdings Ltd
REY,Rey Resources Ltd
REZ,Resources & Energy Group Limited
RF1,Regal Investment Fund
RFA,Rare Foods Australia Limited
RFF,Rural Funds Group
RFG,Retail Food Group Ltd
RFR,Rafaella Resources Ltd.
RFT,Rectifier Technologies Ltd
RFX,Redflow Limited
RGB,Russell Australian Government Bond
RGI,Roto-gro International Limited
RGIO,RGIO
RGIOA,RGIOA
RGIOB,RGIOB
RGL,Ruralco Holdings Ltd
RGS,Regeneus Ltd
RHC,Ramsay Health Care Ltd
RHCKOA,Ramsay Health Care Limited
RHCKOD,Ramsay Health Care Limited
RHCKOQ,Ramsay Health Care Limited
RHCKOR,Ramsay Health Care Limited
RHCPA,Ramsay Health Care Ltd
RHI,Red Hill Iron Ltd
RHT,Resonance Health Ltd
RHY,Rhythm Biosciences Limited
RIC,Ridley Corporation Ltd
RIE,Riedel Resources Limited
RIM,Rimfire Pacific Mining NL
RINC,RINC
RIO,Rio Tinto Ltd
RIOKOE,Rio Tinto Limited
RIOKOG,Rio Tinto Limited
RIOKOI,Rio Tinto Limited
RIOKOK,Rio Tinto Limited
RIOKON,Rio Tinto Limited
RIOKOQ,Rio Tinto Limited
RIOKOT,Rio Tinto Limited
RIOKOU,Rio Tinto Limited
RIOKOV,Rio Tinto Limited
RIOKOW,Rio Tinto Limited
RIOMOA,Rio Tinto Limited
RIOMOB,Rio Tinto Limited
RIOMOR,Rio Tinto Limited
RKN,Reckon Ltd
RLC,Revere Mining
RLF,Rlf Agtech Ltd
RLG,Rcl Group
RLT,Renergen Limited
RMC,RIMCapital Ltd
RMD,ResMed Inc (USA CUFS)
RMDKOE,Resmed Inc
RMI,Resource Mining Corporation Ltd
RML,Rusina Mining NL
RMLOB,RMLOB
RMS,Ramelius Resources Ltd
RMSKOB,RMSKOB
RMX,Red Mountain Mining Limited
RMXOJ,RMXOJ
RMY,Rma Global Limited
RND,Rand Mining NL
RNE,Renu Energy Limited
RNEO,RNEO
RNO,Rhinomed Limited
RNT,Rent.com.au Limited
RNU,Renaissance Uranium Limited
RNUOB,RNUOB
RNX,Renegade Exploration Limited
ROBO,Etfs Robo Global Robotics & Automation
ROC,Roc Oil Company Ltd
ROG,Red Sky Energy Ltd
RON,Ronin Resources Ltd
ROO,Roots Sustainable Agricultural
ROYL,ROYL
RPG,Raptis Group Ltd
RPL,Regal Partners Limited
RPM,Roma Petroleum NL
RR1,Reach Resources Limited
RR1O,RR1O
RRL,Regis Resources NL
RRLKOC,Regis Resources Limited
RRLKOE,Regis Resources Limited
RRLKOP,Regis Resources Limited
RRLKOR,Regis Resources Limited
RRR,Revolver Resources Holdings Ltd
RSG,Resolute Mining Ltd
RSGKOP,Resolute Mining Limited
RSGKOQ,Resolute Mining Limited
RSGKOS,Resolute Mining Limited
RSH,Respiri Limited
RSM,Russell Australian Semi-government Bond
RTE,Retech Technology Co. Limited
RTG,Rtg Mining Inc.
RTH,Ras Technology Holdings Limited
RTR,Rumble Resources Limited
RUL,Runge Ltd
RVR,Red River Resources Ltd
RVS,Revasum Inc.
RWC,Reliance Worldwide Corporation Limited
RWD,Reward Minerals Ltd
RWL,Rubicon Water Limited
RXH,Rewardle Holdings Limited
RXL,Rox Resources Ltd
RXM,Rex Minerals Ltd
RYD,Ryder Capital Limited
RZI,Raiz Invest Limited
S2R,S2 Resources Ltd
S32,South32 Limited
S32KOA,South32 Limited
S32KOB,South32 Limited
S32KOH,South32 Limited
S32KOP,South32 Limited
S32KOR,South32 Limited
S32KOT,South32 Limited
S3N,Sensore Ltd.
S66,Star Combo Pharma Limited
SAN,Sagalio Energy Limited
SAU,Southern Gold Ltd
SB2,Salter Brothers Emerging
SBM,St Barbara Mines Ltd
SBR,Sabre Resources Ltd
SBRO,Sabre Resources Ltd
SBROB,SBROB
SBW,Shekel Brainweigh Ltd
SCG,Scentre Group
SCGKOA,Scentre Group
SCGKOE,SCGKOE
SCGKOP,Scentre Group
SCGKOQ,Scentre Group
SCL,Schrole Group Ltd
SCN,Scorpion Minerals Limited
SCP,Shopping Centres Australasia Property
SCPKOA,Shopping Centres Australasia Property
SCPKOD,Shopping Centres Australasia Property
SCPKOP,Shopping Centres Australasia Property
SCPKOR,Shopping Centres Australasia Property
SCPKOS,SCPKOS
SCT,Scout Security Limited
SCU,Stemcell United Limited
SDF,Steadfast Group Limited
SDG,Sunland Group Ltd
SDI,SDI Ltd
SDR,Sundowner Group
SDV,Scidev Ltd
SE1,Sensera Limited
SEC,Spheria Emerging Companies Limited
SEG,Segue Resources Ltd
SEK,Seek Ltd
SEKKOP,Seek Limited
SEKKOR,Seek Limited
SEN,Senetas Corporation Ltd
SEQ,Southern Equity Holdings
SER,Strategic Energy Resources Ltd
SES,Solar Energy Systems
SFC,Schaffer Corporation Ltd
SFG,St Francis Group Ltd
SFM,Santa Fe Minerals Ltd
SFR,Sandfire Resources NL
SFRKOQ,Sandfire Resources Nl
SFRKOT,Sandfire Resources Nl
SFRKOV,Sandfire Resources Nl
SFX,Sheffield Resources Limited
SFY,Spdr S&p/asx 50
SGA,Sarytogan Graphite Limited
SGAO,Sarytogan Graphite Limited
SGC,Sydney Gas Company Nl
SGF,Sg Fleet Group Limited
SGH,Slater & Gordon Ltd
SGI,Signature Capital Investments Limited
SGLLV,Ricegrowers Limited
SGM,Sims Group Ltd
SGMKOC,Sims Metal Management Limited
SGMKOE,Sims Metal Management Limited
SGMKOP,Sims Metal Management Limited
SGMKOQ,Sims Metal Management Limited
SGMKOR,Sims Metal Management Limited
SGMKOS,Sims Metal Management Limited
SGP,Stockland
SGPKOC,Stockland
SGPKOQ,Stockland
SGPKOR,Stockland
SGPKOS,Stockland
SGQ,St George Mining Limited
SGR,The Star Entertainment Group Limited
SGRKOB,The Star Entertainment Group Limited
SGRKOG,The Star Entertainment Group Limited
SGRKOP,The Star Entertainment Group Limited
SGRKOQ,The Star Entertainment Group Limited
SHA,Shannon Resources Ltd
SHE,Stonehenge Metals Ltd
SHG,Sunshine Gas Ltd
SHH,Shree Minerals Limited
SHJ,Shine Corporate Ltd
SHL,Sonic Healthcare Ltd
SHLKOA,Sonic Healthcare Limited
SHLKOB,Sonic Healthcare Limited
SHLKOQ,Sonic Healthcare Limited
SHM,Shriro Holdings Limited
SHN,Sherlock Bay Nickel Corporation Ltd
SHO,Sportshero Limited
SHOO,SHOO
SHP,Shoply Limited
SHPO,Shoply Limited
SHV,Select Harvests Ltd
SI6,Six Sigma Metals Limited
SIG,Sigma Company Ltd
SIGKOB,Sigma Healthcare Limited
SIH,Sihayo Gold Limited
SIO,Simonds Group Limited
SIQ,Smartgroup Corporation Ltd
SIS,Simble Solutions Limited
SISO,SISO
SIT,SIT
SIV,Silver Chef Ltd
SIX,Sprintex Limited
SKC,Sky City Entertainment Group Ltd
SKF,Skyfii Ltd
SKN,Skansen Holdings
SKO,Serko Limited
SKS,Stokes (Australasia) Ltd
SKT,Sky Network Television Ltd
SKY,Skydome Holdings Ltd
SLA,Solagran Ltd
SLB,Stelar Metals Limited
SLC,Softlaw Corporation Ltd
SLF,Spdr??s&p?/asx 200 Listed Property Fund
SLH,Silk Logistics Holdings Limited
SLM,Salmat Ltd
SLR,Silver Lake Resources Ltd
SLRKOC,Silver Lake Resources Limited
SLS,Solstice Minerals Limited
SLSO,SLSO
SLX,Silex Systems Ltd
SLZ,Sultan Resources Ltd
SM1,Synlait Milk Limited
SMG,Soon Mining Limited
SMI,Santana Minerals Limited
SMLL,Betashares Australian Small Companies
SMN,Structural Monitoring Systems Plc
SMP,Smartpay Holdings Limited
SMR,Stanmore Coal Limited
SMS,Sims Group Ltd
SMSO,SMSO
SMX,SMS Management & Technology Ltd
SNC,Sandon Capital Investments Limited
SND,Saunders International Ltd
SNG,Siren Gold Limited
SNL,Supply Network Ltd
SNS,Sensen Networks Limited
SNX,Securenet
SNZ,Summerset Group Holdings Limited
SO4,Salt Lake Potash Limited
SOL,Washington H Soul Pattison & Co Ltd
SOLKOA,Washington H Soul Pattinson &
SOLKOB,Washington H Soul Pattinson &
SOM,SomnoMed Ltd
SOP,Sml Corporation Limited
SOR,Strategic Elements Limited
SOV,Sovereign Cloud Holdings Limited
SP1,Search Party Group Ltd
SP3,Spectur Limited
SPA,Spencer Resources Limited
SPD,Strategic Pooled Development Ltd
SPFKOA,S&p 500 Emini Futures
SPFKOC,S&p 500 Emini Futures
SPFKOD,S&p 500 Emini Futures
SPFKOF,S&p 500 Emini Futures
SPFKOG,S&p 500 Emini Futures
SPFKOH,S&p 500 Emini Futures
SPFKOI,S&p 500 Emini Futures
SPFKOJ,SPFKOJ
SPFKOL,SPFKOL
SPFKON,SPFKON
SPFKOQ,S&p 500 Emini Futures
SPFKOR,S&p 500 Emini Futures
SPFKOS,S&p 500 Emini Futures
SPFKOT,S&p 500 Emini Futures
SPFKOU,S&p 500 Emini Futures
SPFKOV,S&p 500 Emini Futures
SPFKOW,S&p 500 Emini Futures
SPFKOX,S&p 500 Emini Futures
SPFKOZ,S&p 500 Emini Futures
SPFMOA,SPFMOA
SPFMOP,SPFMOP
SPFMOQ,SPFMOQ
SPFMOS,SPFMOS
SPFMOU,SPFMOU
SPK,Spark New Zealand Limited
SPL,Starpharma Holdings Ltd
SPN,SP Ausnet
SPQ,Superior Resources Ltd
SPT,Spotless Group Ltd
SPX,Spinifex Gold Nl
SPY,Spdr??s&p 500? Etf Trust
SPZ,Smart Parking Limited
SQ2,Block Inc.
SRG,Sydney Roads Group
SRH,Saferoads Holdings Ltd
SRI,Sipa Resources Ltd
SRJ,Srj Technologies Group Plc
SRK,Strike Resources Ltd
SRL,Straits Resources Ltd
SRN,Surefire Resources Nl
SRR,Shaw River Resources Ltd
SRV,Servcorp Ltd
SRX,Sirtex Medical Ltd
SRY,Story-i Limited
SRZ,Stellar Resources Ltd
SSG,Shaver Shop Group Limited
SSH,SSH Medical Ltd
SSL,Sietel Ltd
SSLPA,Sietel PA
SSM,Service Stream Ltd
SSMKOQ,Service Stream Limited
SSMKOR,Service Stream Limited
SSO,Spdr??s&p?/asx Small Ordinaries
SSR,Southern Star Group
SST,Steamships Trading Company Ltd (PNG)
ST1,Spirit Telecom Limited
STA,Strandline Resources Limited
STG,Staging Connections Group Ltd
STK,Strickland Resources Limited
STKOA,STKOA
STM,Sunstone Metals Ltd
STN,Southern Titanium Nl
STO,Santos Ltd
STOKOA,Santos Limited
STOKOB,Santos Limited
STOKOE,Santos Limited
STOKOF,Santos Limited
STOKOG,Santos Limited
STOKOP,Santos Limited
STOKOQ,Santos Limited
STOKOR,Santos Limited
STOKOT,Santos Limited
STOKOU,Santos Limited
STP,Stericorp Ltd
STW,Spdr?s&p/asx 200
STX,Strike Oil Ltd
SUH,Southern Hemisphere Mining Limited
SUHO,Southern Hemisphere Mining Limited
SUL,Super Cheap Auto Group Ltd
SULKOC,Super Retail Group Limited
SULKOD,Super Retail Group Limited
SULKOP,Super Retail Group Limited
SULKOQ,Super Retail Group Limited
SUM,Sumatra Copper & Gold Plc
SUN,Suncorp-Metway Ltd
SUNKOB,Suncorp Group Limited
SUNKOD,Suncorp Group Limited
SUNKOP,Suncorp Group Limited
SUNKOQ,Suncorp Group Limited
SUNPG,Suncorp Group Limited
SUNPH,Suncorp Group Limited
SUNPI,SUNPI
SUV,Suvo Strategic Minerals Limited
SVL,Silver Mines Ltd
SVM,Sovereign Metals Ltd
SVS,Sunvest Corporation Ltd
SVW,Seven Group Holdings Limited
SVWKOA,SVWKOA
SVWKOB,Seven Group Holdings Limited
SVWKOC,Seven Group Holdings Limited
SVWKOP,SVWKOP
SVY,Stavely Minerals Limited
SW1,Swift Networks Group Limited
SWF,Selfwealth Limited
SWM,Seven West Media Limited
SWMKOR,Seven West Media Limited
SWP,Swoop Holdings Limited
SWTZ,SWTZ
SXE,Southern Cross Electrical Engineering
SXG,Southern Cross Goldfields Ltd
SXL,Southern Cross Media Group
SYA,Sayona Mining Limited
SYAOC,SYAOC
SYI,Spdr Msci Australia Select High Dividend
SYM,Symex Holdings Ltd
SYN,ST Synergy Ltd
SYR,Syrah Resources Ltd
SYT,Syntonic Limited
SZL,Sezzle Inc.
T3D,333d Limited
T3K,Tek-ocean Group Limited
T92,Terra Uranium Limited
TAH,Tabcorp Holdings Ltd
TAHKOF,Tabcorp Holdings Limited
TAHKOP,Tabcorp Holdings Limited
TAHKOQ,Tabcorp Holdings Limited
TAHKOT,Tabcorp Holdings Limited
TAM,Tanami Gold NL
TANN,TANN
TAR,Taruga Gold Limited
TAS,Tasman Resources NL
TASOE,TASOE
TBA,Tombola Gold Ltd
TBN,Tamboran Resources Limited
TBR,Tribune Resources NL
TCF,360 Capital Enhanced Income Fund
TCG,Turaco Gold Limited
TCL,Transurban Group
TCLKOA,Transurban Group
TCLKOC,Transurban Group
TCLKOP,Transurban Group
TCLKOQ,Transurban Group
TCO,Transmetro Corporation Ltd
TD1,Tali Digital Limited
TDO,3D Oil Ltd
TECH,Etfs Global Core Infrastructure
TEE,Tele-IP Ltd
TEG,Triangle Energy (global) Limited
TEGO,Triangle Energy (global) Limited
TEK,Thorney Technologies Ltd
TEM,Tempo Services Ltd
TEMO,TEMO
TEMOA,Tempest Minerals Limited
TER,Terrain Australia Ltd
TFL,Tasfoods Limited
TG1,Techgen Metals Ltd
TG6,Tg Metals Limited
TGA,Thorn Group Limited
TGF,Tianshan Goldfields Ltd
TGH,Tegel Group Holdings Limited
TGM,Theta Gold Mines Limited
TGN,Tungsten Mining Nl
TGP,Trafalgar Corporate Group
TGR,Tassal Group Ltd
THR,Thor Mining Plc
THROA,THROA
THROB,THROB
THROC,THROC
TI1,Tombador Iron Limited
TIA,Tian An Australia Limited
TIE,Tietto Minerals Limited
TIG,Tigers Realm Coal Limited
TIP,Teaminvest Private Group Limited
TKL,Traka Resources Ltd
TKM,Trek Metals Limited
TLC,Tourism Hotels & Leisure Ltd
TLG,Talga Gold Limited
TLM,Talisman Mining Ltd
TLS,Telstra Corporation Ltd
TLSKOA,Telstra Corporation Limited.
TLSKOB,Telstra Corporation Limited.
TLSKOC,Telstra Corporation Limited.
TLSKOE,Telstra Corporation Limited.
TLSKOF,Telstra Corporation Limited.
TLSKOG,Telstra Corporation Limited.
TLSKOH,Telstra Corporation Limited.
TLSKOJ,Telstra Corporation Limited.
TLSKOL,Telstra Corporation Limited.
TLSKOM,Telstra Corporation Limited.
TLSKOP,Telstra Corporation Limited.
TLSKOQ,Telstra Corporation Limited.
TLSKOS,Telstra Corporation Limited.
TLSKOT,Telstra Corporation Limited.
TLSKOU,Telstra Corporation Limited.
TLSKOV,Telstra Corporation Limited.
TLX,Telix Pharmaceuticals Limited
TMB,Tambourah Metals Ltd
TMG,Trigg Mining Ltd.
TMGOA,TMGOA
TMGOB,TMGOB
TMGOC,TMGOC
TMH,The Market Herald Limited
TMHR,The Market Herald Limited
TMK,Tamaska Oil And Gas Ltd
TML,Timah Resources Limited
TMR,Tamaya Resources Ltd
TMRO,Tempus Resources Ltd
TMS,Television & Media Services Ltd
TMSO,TMSO
TMT,Tyndall Meridian Trust
TMX,Terrain Minerals Ltd
TMZ,Thomson Resources Limited
TMZO,TMZO
TMZOA,TMZOA
TNE,Technology One Ltd
TNEKOB,Technology One Limited
TNEKOD,Technology One Limited
TNG,Tennant Creek Gold Ltd
TNT,Tesserent Limited
TNY,Tennyson Networks Holdings
TOE,Toro Energy Ltd
TON,Triton Gold Limited
TONO,Triton Gold Limited
TOP,Thorney Opportunities Ltd
TOR,Ticor Ltd
TOT,360 Capital Total Return Fund
TOU,Tlou Energy Limited
TOY,Toysrus Anz Limited
TPC,Tel Pacific Ltd
TPD,Talon Petroleum Limited
TPG,Taragon Property Fund
TPGKOA,TPGKOA
TPGKOD,TPGKOD
TPGKOE,TPGKOE
TPO,Tian Poh Resources Limited
TPP,Tempo Australia Ltd
TPW,Temple & Webster Group Ltd
TRA,Turners Automotive Group Limited
TRJ,Trajan Minerals Ltd
TRM,Truscott Mining Corporation Ltd
TRP,Tissue Repair Ltd
TRS,Reject Shop Ltd (The)
TRT,Tuart Resources
TRU,Trust Company of Australia Ltd
TRY,Troy Resources NL
TSC,Twenty Seven Co. Limited
TSCOA,TSCOA
TSI,Transfield Services Infrasture Fund
TSL,Titanium Sands Limited
TSLO,TSLO
TSN,TSN
TSO,Tishman Speyer Office Fund
TSOO,Tesoro Gold Ltd
TTA,TTA Holdings Ltd
TTB,Total Brain Limited
TTI,Traffic Technologies Ltd
TTM,Titan Minerals Limited
TTT,Tritton Resources Ltd
TTTO,Titomic Limited
TUA,Tuas Limited
TUL,Tulla Resources Plc
TVL,Travel.com.au Ltd
TWD,Tamawood Ltd
TWE,Treasury Wine Estates Limited
TWEKOA,Treasury Wine Estates Limited
TWEKOP,Treasury Wine Estates Limited
TWEKOQ,Treasury Wine Estates Limited
TWR,Tower Ltd
TYM,Tymlez Group Limited
TYMO,Tymlez Group Limited
TYR,Tyro Payments Limited
TYRKOC,TYRKOC
TYX,Tyranna Resources Limited
TZL,TZ Ltd
TZN,Terramin Australia Ltd
UBI,Universal Biosensors Ltd
UBN,Urbanise.com Limited
UCM,USCOM Ltd
UMG,United Malt Group Limited
UNI,Unilife Medical Solutions Ltd
UOS,United Overseas Australia Ltd
URF,Us Masters Residential Property Fund
URFPA,Us Masters Residential Property Fund
URNM,URNM
URW,Unibail-rodamco-westfield
USD,Betashares U.s. Dollar
USQ,Us Student Housing Reit
USTB,USTB
UUL,United Uranium Ltd
UVA,Uvre Limited
VACF,Vanguard Australian Corporate Fixed
VAE,Vanguard Ftse Asia Ex Japan Shares
VAF,Vanguard Australian Fixed Interest Index
VAL,Valor Resources Limited
VAN,Vango Mining Limited
VAP,Vanguard Australian Property Securities
VAR,Variscan Mines Limited
VAS,Vanguard Australian Shares Index
VBC,Verbrec Limited
VBLD,Vanguard Global Infrastructure Index
VBND,Vanguard Global Aggregate Bond Index
VBS,Vectus Biosystems Limited
VCF,Vanguard?international Credit Securities
VCX,Vicinity Centres
VCXKOC,Vicinity Centres
VCXKOD,Vicinity Centres
VDBA,Vanguard Diversified Balanced Index
VDCO,Vanguard Diversified Conservative
VDGR,Vanguard Diversified Growth
VDHG,Vanguard Diversified High Growth
VEA,Veda Advantage Ltd
VEAKOA,VEAKOA
VEE,Veem Ltd
VEFI,Vanguard Ethically Conscious Global
VEN,Vintage Energy Ltd
VEQ,Vanguard Ftse Europe Shares
VESG,Vanguard Ethically Conscious
VETH,VETH
VEU,Vanguard All-world Ex-us Shares Index
VG1,Vgi Partners Global Investments Limited
VG8,Vgi Partners Asian Investments Limited
VGAD,Vanguard Msci Index International Shares
VGB,Vanguard Australian Government Bond
VGE,Vanguard Ftse Emerging Markets Shares
VGL,Volante Group Ltd
VGS,Vanguard Msci Index International Shares
VHT,Volpara Health Technologies Limited
VHY,Vanguard Australian Shares High Yield
VIA,ViaGold Capital Ltd
VIF,Vanguard International Fixed Interest
VIG,Victor Group Holdings Limited
VIP,Voltage IP Ltd
VISM,Vanguard Msci International Small
VKA,Viking Ashanti Limited
VLC,Vanguard Msci Australian Large Companies
VLS,Vita Life Sciences
VMC,Venus Metals Corporation Limited
VMG,VDM Group Ltd
VMIN,Vanguard Global Minimum Volatility
VML,Vital Metals Ltd
VMM,Viridis Mining And Minerals Limited
VMS,Venture Minerals Ltd
VMT,Vmoto Ltd
VN8,Vonex Limited..
VNT,Ventia Services Group Limited
VOL,Victory Offices Limited
VOR,Voyager Resources Limited
VOROB,VOROB
VPR,Volt Power Group Limited
VR1,Vection Technologies Ltd
VR8,Vanadium Resources Limited
VRC,Volt Resources Limited
VRCOB,Volt Resources Limited
VRS,Veris Limited
VRX,Ventnor Resources Ltd
VSL,Vision Systems Ltd
VSO,Vanguard Msci Australian Small Companies
VTG,Vita Group Ltd
VTI,Virotec International Ltd
VTIOA,VTIOA
VTS,Vanguard U.s. Total Market Shares Index
VTX,Vortex Pipes Ltd
VUK,Virgin Money Uk Plc
VUKKOC,Virgin Money Uk Plc
VUKKOE,VUKKOE
VUKKOF,VUKKOF
VUKKOP,Virgin Money Uk Plc
VUKKOQ,VUKKOQ
VUKKOS,Virgin Money Uk Plc
VUKKOU,VUKKOU
VUL,Valhalla Uranium Ltd
VVA,Viva Leisure Limited
VVLU,Vanguard Global Value Equity Active
VYS,Vysarn Limited
W2V,Way 2 Vat Ltd.
WA1,Wa1 Resources Ltd
WAA,Wam Active Ltd
WAAOA,WAAOA
WAF,West African Resources Limited
WAK,Wa Kaolin Limited
WAM,WAM Capital Ltd
WAR,Wam Strategic Value Limited
WAT,Waterco Ltd
WAX,WAX
WBC,Westpac Banking Corporation
WBCKOA,Westpac Banking Corporation
WBCKOE,Westpac Banking Corporation
WBCKOH,Westpac Banking Corporation
WBCKOO,Westpac Banking Corporation
WBCKOP,Westpac Banking Corporation
WBCKOR,Westpac Banking Corporation
WBCKOS,Westpac Banking Corporation
WBCKOT,Westpac Banking Corporation
WBCKOU,Westpac Banking Corporation
WBCKOV,Westpac Banking Corporation
WBCKOW,Westpac Banking Corporation
WBCMOB,Westpac Banking Corporation
WBCMOQ,Westpac Banking Corporation
WBCMOS,Westpac Banking Corporation
WBCPE,Westpac Banking Corporation
WBCPH,Westpac Banking Corporation
WBCPI,Westpac Banking Corporation
WBCPJ,WBCPJ
WBCPK,WBCPK
WBCPL,Westpac Banking Corporation
WBE,Whitebark Energy Ltd
WBT,Weebit Nano Ltd
WC1,West Cobar Metals Limited
WC8,Wildcat Resources Limited
WCG,WebCentral Group Ltd
WCMQ,WCMQ
WCN,White Cliff Nickel Ltd
WCNOE,White Cliff Minerals Limited
WDIV,Spdr??s&p??global Dividend Fund
WDMF,Ishares Edge Msci World Multifactor
WDS,Woodside Energy Group Ltd
WDSKOA,Woodside Energy Group Ltd
WDSKOC,Woodside Energy Group Ltd
WDSKOD,Woodside Energy Group Ltd
WDSKOF,Woodside Energy Group Ltd
WDSKOL,Woodside Energy Group Ltd
WDSKOO,Woodside Energy Group Ltd
WDSKOQ,Woodside Energy Group Ltd
WDSKOS,Woodside Energy Group Ltd
WDSKOU,Woodside Energy Group Ltd
WDSKOX,Woodside Energy Group Ltd
WDSKOY,Woodside Energy Group Ltd
WDSMOA,Woodside Energy Group Ltd
WDSQOP,Woodside Energy Group Ltd
WEB,Webjet Ltd
WEBKOC,Webjet Limited
WEBKOQ,Webjet Limited
WEBKOR,Webjet Limited
WEC,White Energy Company Ltd
WEL,Winchester Energy Ltd
WEMG,Spdr??s&p??emerging Markets Fund
WES,Wesfarmers Ltd
WESKOA,Wesfarmers Limited
WESKOB,Wesfarmers Limited
WESKOC,Wesfarmers Limited
WESKOE,Wesfarmers Limited
WESKOP,Wesfarmers Limited
WESKOS,Wesfarmers Limited
WESKOU,Wesfarmers Limited
WFL,Willmott Forests Ltd
WFLO,WFLO
WFLOA,WFLOA
WGB,Wam Global Limited
WGBO,WGBO
WGN,Wagners Holding Company Limited
WGO,Waratah Gold Ltd
WGR,Westgold Resources NL
WGX,Westgold Resources Limited.
WHC,Whitehaven Coal Ltd
WHCKOA,Whitehaven Coal Limited
WHCKOB,Whitehaven Coal Limited
WHCKOC,Whitehaven Coal Limited
WHCKOE,Whitehaven Coal Limited
WHCKOF,Whitehaven Coal Limited
WHCKOG,Whitehaven Coal Limited
WHCKOT,Whitehaven Coal Limited
WHCKOU,Whitehaven Coal Limited
WHF,Whitefield Ltd
WHFPA,Whitefield PA
WHFPB,Whitefield Limited
WHK,Whitehawk Limited
WIA,Wia Gold Limited
WIN,Windward Resources Ltd
WKT,Walkabout Resources Ltd
WLD,Wellard Limited
WLE,Wam Leaders
WLS,Wilson Leaders Ltd
WMA,Wam Alternative Assets Limited
WMC,Wonhe Multimedia Commerce Ltd
WMCOC,Wiluna Mining Corporation Limited.
WMG,Westmag Ltd
WMI,Wam Microcap Limited
WML,Westcoast Mining Ltd
WMLOB,WMLOB
WMLOC,WMLOC
WNB,Wellness And Beauty Solutions Limited
WNR,Wingara Ag Ltd
WNX,Wellnex Life Limited
WNXO,WNXO
WOA,Wide Open Agriculture Ltd
WOO,Wooboard Technologies Limited
WOR,WorleyParsons Ltd
WORKOA,Worleyparsons Limited
WORKOB,Worleyparsons Limited
WORKOF,Worleyparsons Limited
WORKOR,Worleyparsons Limited
WORKOS,Worleyparsons Limited
WORKOV,Worleyparsons Limited
WOT,Westpac Office Trust
WOW,Woolworths Ltd
WOWKOA,Woolworths Limited
WOWKOB,Woolworths Limited
WOWKOE,Woolworths Limited
WOWKOT,Woolworths Limited
WPR,Waypoint Reit
WQG,Wcm Global Growth Limited
WQGOA,WQGOA
WR1,Winsome Resources Limited
WRK,Warwick Resources Ltd
WRLD,Betashares Managed Risk Global Share
WRM,White Rock Minerals Limited
WRMO,White Rock Minerals Limited
WSI,Weststar Industrial Limited
WSP,White Sands Petroleum Ltd
WSR,Whitestar Resources Limited
WTC,Wisetech Global Limited
WTCKOA,Wisetech Global Limited
WTCKOE,Wisetech Global Limited
WTCKOF,Wisetech Global Limited
WTCKOP,Wisetech Global Limited
WTCKOV,Wisetech Global Limited
WTL,Wt Financial Group Limited
WTN,Western Uranium Ltd
WVOL,Ishares Edge Msci World Minimum
WWG,WWG
WWI,West Wits Mining Ltd
WXHG,Spdr??s&p??world Ex-australia (hedged)
WXOZ,Spdr??s&p??world Ex-australia Fund
WYX,Western Yilgarn Nl
WZR,Wisr Limited
X2M,X2m Connect Limited
X64,Ten Sixty Four Limited
XAE,
XAF,S&P/ASX All Australian 50
XAM,Xanadu Mines Limited
XAO,ASX All Ordinaries
XARO,XARO
XAT,S&P/ASX All Australian 200
XBK,
XBN,
XBT,
XBW,S&P/ASX Buy-Write Index
XDI,
XDJ,S&P/ASX 200 Consumer Discretionary
XEC,
XEJ,S&P/ASX 200 Energy
XET,
XEW,
XF1,Xref Limited
XFJ,S&P/ASX 200 Financials
XFL,S&P/ASX 50
XGD,S&P/ASX All Ordinaries Gold
XHJ,S&P/ASX 200 Health Care
XIJ,S&P/ASX 200 Information Technology
XIN,
XJO,S&P/ASX 200
XJOBOB,XJOBOB
XJOBOE,XJOBOE
XJOKOA,XJOKOA
XJOKOC,XJOKOC
XJOKOD,XJOKOD
XJOKOE,XJOKOE
XJOKOF,XJOKOF
XJOKOG,XJOKOG
XJOKOH,XJOKOH
XJOKOJ,XJOKOJ
XJOKOO,XJOKOO
XJOKOR,XJOKOR
XJOKOT,XJOKOT
XJOKOV,XJOKOV
XJOKOY,XJOKOY
XJOLOH,XJOLOH
XJOMOG,XJOMOG
XJOMON,XJOMON
XJOMOP,XJOMOP
XJOMOQ,XJOMOQ
XJOMOR,XJOMOR
XJOMOS,XJOMOS
XJOMOT,XJOMOT
XJOMOU,XJOMOU
XJOQOB,XJOQOB
XJOQOD,XJOQOD
XJOQOF,XJOQOF
XJOQOG,XJOQOG
XJOQOI,XJOQOI
XJOTOB,XJOTOB
XJOTOC,XJOTOC
XJOTOD,XJOTOD
XJOTOE,XJOTOE
XJOTOF,XJOTOF
XJOTOG,XJOTOG
XJOTOI,XJOTOI
XJOTOK,XJOTOK
XJOTOL,XJOTOL
XJOTOM,XJOTOM
XJOTON,XJOTON
XJOTOO,XJOTOO
XJOUOA,XJOUOA
XJOUOB,XJOUOB
XJOUOC,XJOUOC
XJOUOD,XJOUOD
XJOUOE,XJOUOE
XJOUOF,XJOUOF
XJOUOG,XJOUOG
XJOUOH,XJOUOH
XJOUOI,XJOUOI
XJOUOJ,XJOUOJ
XJOUOK,XJOUOK
XJOUOL,XJOUOL
XJOUOM,XJOUOM
XJOUON,XJOUON
XJOUOO,XJOUOO
XJR,
XJT,
XKO,S&P/ASX 300
XLD,
XMD,S&P/ASX Midcap 50
XMJ,S&P/ASX 200 Materials
XMM,S&P/ASX 300 Metals And Mining
XNJ,S&P/ASX 200 Industrials
XNT,
XNV,
XPJ,S&P/ASX 200 Property Trusts
XPN,Xpon Technologies Group Limited
XRE,S&P/ASX 200 Real Estate
XRF,XRF Scientific Ltd
XRG,Xreality Group Ltd
XRO,Xero Limited
XROKOD,Xero Limited
XROKOQ,Xero Limited
XROKOR,XROKOR
XSJ,S&P/ASX 200 Consumer Staples
XSO,S&P/ASX Small Ordinaries
XST,Xstate Resources Ltd
XSY,
XTC,Xantippe Resources Limited
XTCO,XTCO
XTCOA,Xantippe Resources Limited
XTE,ASX Telecommunications
XTJ,S&P/ASX 200 Telecommunication Services
XTL,S&P/ASX 20
XTO,S&P/ASX 100
XUJ,S&P/ASX 200 Utilities
XVI,
XXJ,S&P/ASX 200 Financials x Property Trusts
YAL,Yancoal Australia Limited
YANK,Betashares Strong U.s. Dollar
YBR,Yellow Brick Road Holdings Limited
YMAX,Betashares Australian Top 20 Equity
YOJ,Yojee Limited
YOW,Yowie Group Ltd
YPB,Ypb Group Ltd
YPBO,Ypb Group Ltd
YRL,Yandal Resources Limited
YTMALD,YTMALD
YTMAP1,YTMAP1
YTMAS2,YTMAS2
YTMF15,YTMF15
YTMF16,YTMF16
YTMGP1,YTMGP1
YTMMG2,YTMMG2
YTMMQ1,YTMMQ1
YTMORG,YTMORG
YTMQF4,YTMQF4
YTMTL1,YTMTL1
YTMTL2,YTMTL2
Z2U,Zoom2u Technologies Limited
ZAG,Zuleika Gold Limited
ZAGO,ZAGO
ZCLKOA,ZCLKOA
ZCLKOY,ZCLKOY
ZEO,Zeotech Limited
ZER,Zeta Resources Limited
ZEU,Zeus Resources Limited
ZGCKOA,ZGCKOA
ZGCKOB,ZGCKOB
ZGCKOD,ZGCKOD
ZGCKOF,ZGCKOF
ZGCKOH,ZGCKOH
ZGCKOJ,ZGCKOJ
ZGCKOK,ZGCKOK
ZGCKOP,ZGCKOP
ZGCKOQ,ZGCKOQ
ZGCKOS,ZGCKOS
ZGCKOU,ZGCKOU
ZGCKOW,ZGCKOW
ZGL,Zicom Group Ltd
ZHGKOA,ZHGKOA
ZHGKOB,ZHGKOB
ZHGKOD,ZHGKOD
ZHGKOF,ZHGKOF
ZHGKOP,ZHGKOP
ZHGKOQ,ZHGKOQ
ZHGKOR,ZHGKOR
ZHGKOS,ZHGKOS
ZHGKOT,ZHGKOT
ZHGKOX,ZHGKOX
ZIM,Zimbabwe Platinum Mines Ltd
ZIP,Ziptel Limited
ZIPKOG,Zip Co Limited..
ZLD,Zelda Therapeutics Limited
ZMI,Zinc Of Ireland Nl
ZMM,Zimi Limited
ZNC,Zinc Co Australia Ltd
ZNO,Zoono Group Limited
ZOZI,Anz Etfs S&p/asx 100
ZSIKOC,ZSIKOC
ZSIKOF,ZSIKOF
ZSIKOI,ZSIKOI
ZSIKOJ,ZSIKOJ
ZSIKOK,ZSIKOK
ZSIKOL,ZSIKOL
ZSIKOQ,ZSIKOQ
ZSIKOR,ZSIKOR
ZSIKOT,ZSIKOT
ZSIKOU,ZSIKOU
ZSIKOV,ZSIKOV
ZUSD,Anz Etfs Physical Us Dollar
ZYAU,Anz Etfs S&p/asx 300 High Yield Plus
ZYUS,Anz Etfs S&p 500 High Yield Low
14D,1414 Degrees Limited
1AD,Adalta Limited
1AE,Aurora Energy Metals Limited
1AG,Alterra Limited
1MC,Morella Corporation Limited
1ST,1st Available Ltd
1VG,Victory Goldfields Limited
29M,29metals Limited
2BE,Tubi Limited
360,Life360 Inc.
3DA,Amaero International Ltd
3DP,Pointerra Limited
3MF,3d Metalforge Limited
3MFO,3d Metalforge Limited
3PL,3p Learning Limited..
4DS,4ds Memory Limited
4DX,4dmedical Limited
5EA,5e Advanced Materials Inc.
5GG,Pentanet Limited
88E,88 Energy Limited
8CO,8common Limited
8IH,8i Holdings Ltd
8VI,8vic Holdings Limited
92E,92 Energy Limited
99L,99 Loyalty Limited.
9SP,9 Spokes International Limited
